Unnamed: 0,week_of_outbreak,state_ut,district,Disease,Cases,Deaths,day,mon,year,Latitude,Longitude,preci,LAI,Temp,is_coastal_district,Season,Fatality_Rate
51,14th week,West Bengal,Hooghly,Cholera,50,0,6,4,2022,22.9052114,88.3760639,0.01606103471,,301.768,0,Summer,0.0
62,16th week,Odisha,Ganjam,Cholera,23,0,21,4,2022,19.4129711,85.04710406,,11.0,304.55333340000004,1,Summer,0.0
65,16th week,West Bengal,Howrah,Cholera,53,0,17,4,2022,22.5736296,88.3251045,0.002075951935,10.0,305.268,0,Summer,0.0
86,19th week,Karnataka,Kalaburagi,Cholera,144,0,7,5,2022,17.166667,77.083333,0.006687553635,3.0,318.132,0,Summer,0.0
165,23rd week,Tamil Nadu,Tiruchirappalli,Cholera,17,0,6,6,2022,10.7992254,78.6811423,0.05825984009,9.0,308.19,0,Monsoon,0.0
168,23rd week,Karnataka,Bbmp,Cholera,169,1,31,5,2022,13.058135,77.50646228,0.04676073172,12.0,302.68333340000004,0,Summer,0.591715976331361
255,14th week,West Bengal,Hooghly,Cholera,25,0,7,4,2021,22.9052114,88.3760639,0.03927329535,,305.37,0,Summer,0.0
282,22nd week,West Bengal,Purba Bardhaman,Cholera,29,0,31,5,2021,23.391717,87.90621212,0.8991830033,5.0,302.24,0,Summer,0.0
306,25th week,West Bengal,Birbhum,Cholera,51,0,17,6,2021,24.0,87.583333,0.9983273238,,297.26,0,Monsoon,0.0
307,26th week,Gujarat,Kheda,Cholera,10,0,29,6,2021,22.75,72.833333,0.04506399228,7.0,307.52,0,Monsoon,0.0
319,27th week,Gujarat,Gandhi Nagar,Cholera,6,0,3,7,2021,23.06016515,72.58063822,0.02590712702,,305.88,0,Monsoon,0.0
320,27th week,Gujarat,Kheda,Cholera,10,0,14,7,2021,22.75,72.833333,0.2755054941,5.0,311.66,0,Monsoon,0.0
328,28th week,Haryana,Panchkula,Cholera,440,1,13,7,2021,30.7137692,76.868276,0.453999401,8.0,305.1,0,Monsoon,0.22727272727272727
337,29th week,Haryana,Panchkula,Cholera,511,1,13,7,2021,30.7137692,76.868276,0.453999401,8.0,305.1,0,Monsoon,0.19569471624266144
353,31st week,Chandigarh,Chandigarh,Cholera,8,0,1,8,2021,30.72984395,76.78414567,2.63598158,12.0,,0,Monsoon,0.0
354,31st week,Gujarat,Vadodara,Cholera,3,0,31,7,2021,22.2973142,73.1942567,1.138774169,1.0,,0,Monsoon,0.0
356,31st week,Haryana,Yamuna Nagar,Cholera,21,0,3,8,2021,30.1389108,77.301064,2.54223063,12.0,,0,Monsoon,0.0
372,32nd week,Uttar Pradesh,Lucknow,Cholera,138,1,9,8,2021,26.8420098,80.94785711,0.2134510228,5.0,,0,Monsoon,0.7246376811594203
416,37th week,Chandigarh,Chandigarh,Cholera,11,0,1,8,2021,30.72984395,76.78414567,2.63598158,12.0,,0,Monsoon,0.0
420,38th week,Gujarat,Surat,Cholera,28,0,24,9,2021,21.19177615,72.95441578,0.3946962448,9.0,300.34000000000003,1,Monsoon,0.0
432,39th week,Uttar Pradesh,Azamgarh,Cholera,575,3,28,9,2021,26.02269675,83.02887343,0.3132791294,15.0,300.825,0,Monsoon,0.5217391304347827
433,39th week,Uttar Pradesh,Lucknow,Cholera,13,0,2,10,2021,26.8420098,80.94785711,0.2957323009,18.0,302.372,0,Post-Monsoon,0.0
434,39th week,Uttar Pradesh,Siddharth Nagar,Cholera,60,2,25,9,2021,27.25264095,82.86964796,0.2459655701,20.0,300.81333340000003,0,Monsoon,3.3333333333333335
443,40th week,Gujarat,Navsari,Cholera,72,0,4,10,2021,20.952407,72.9323831,2.271852291,10.0,298.36,1,Post-Monsoon,0.0
444,40th week,Gujarat,Surat,Cholera,15,0,8,10,2021,21.19177615,72.95441578,0.1717429095,,298.788,1,Post-Monsoon,0.0
454,40th week,West Bengal,Purulia,Cholera,28,0,3,10,2021,23.3291882,86.3672378,2.165862731,20.0,298.64,0,Post-Monsoon,0.0
462,40th week,West Bengal,North 24 Parganas,Cholera,1027,1,7,9,2021,22.642931,88.8930579,0.3785768589,17.0,301.31,1,Monsoon,0.09737098344693282
465,41st week,Karnataka,Kalaburagi,Cholera,5,0,11,10,2021,17.166667,77.083333,0.479176252,15.0,302.46,0,Post-Monsoon,0.0
470,41st week,West Bengal,Purulia,Cholera,22,0,13,10,2021,23.3291882,86.3672378,0.02310090096,21.0,301.0266666,0,Post-Monsoon,0.0
473,41st week,West Bengal,North 24 Parganas,Cholera,1027,1,7,9,2021,22.642931,88.8930579,0.3785768589,17.0,301.31,1,Monsoon,0.09737098344693282
507,45th week,Maharashtra,Kolhapur,Cholera,66,0,8,11,2021,16.7028412,74.2405329,0.0834295823,,305.62,0,Post-Monsoon,0.0
517,46th week,Maharashtra,Kolhapur,Cholera,3,0,12,11,2021,16.7028412,74.2405329,0.002023031746,10.0,304.7,0,Post-Monsoon,0.0
537,49th week,Kerala,Kozhikode,Cholera,1,0,8,12,2021,11.2450558,75.7754716,0.06338663021,33.0,,1,Winter,0.0
611,16th week,Puducherry,Puducherry,Cholera,2,0,1,4,2020,11.9340568,79.8306447,0.0002428910523,9.0,310.56333340000003,1,Summer,0.0
629,23rd week,Maharashtra,Kolhapur,Cholera,199,0,1,6,2020,16.7028412,74.2405329,0.007924493235,,312.65500000000003,0,Monsoon,0.0
674,46th week,Karnataka,Hassan,Cholera,37,0,2,11,2020,13.0070817,76.0992703,0.01716113645,16.0,301.036,0,Post-Monsoon,0.0
679,48th week,Maharashtra,Ratnagiri,Cholera,65,0,23,11,2020,17.2826079,73.4569787,0.01396026875,,302.812,1,Post-Monsoon,0.0
710,1st week,Dadra And Nagar Haveli,Dadra And Nagar Haveli,Cholera,6,0,4,1,2019,20.2712521,73.0014588,8.72e-05,9.0,304.0666666,0,Winter,0.0
773,11th week,Punjab,Hoshiarpur,Cholera,98,0,13,3,2019,31.60857425,75.84644247,0.2177767322,,296.14,0,Summer,0.0
814,19th week,Kerala,Wayanad,Cholera,15,0,6,5,2019,11.715219,76.12690295,0.2700844835,25.0,302.2666666,0,Summer,0.0
822,20th week,West Bengal,Howrah,Cholera,108,2,8,5,2019,22.5736296,88.3251045,0.6215048781,,305.0933334,0,Summer,1.8518518518518516
857,24th week,Delhi,North Delhi,Cholera,4,0,10,6,2019,28.78722785,77.09809033,0.06398791246,,316.6433334,0,Monsoon,0.0
859,24th week,Gujarat,Gandhi Nagar,Cholera,3,0,12,6,2019,23.06016515,72.58063822,7.08e-05,4.0,315.6,0,Monsoon,0.0
866,24th week,Punjab,Patiala,Cholera,141,2,16,6,2019,30.2090874,76.33987209,0.02437384092,3.0,315.21,0,Monsoon,1.4184397163120568
954,29th week,Punjab,Gurdaspur,Cholera,2,1,20,7,2019,32.166667,75.316667,0.3756475507,,300.1733334,0,Monsoon,50.0
959,29th week,West Bengal,Purulia,Cholera,31,0,12,7,2019,23.3291882,86.3672378,0.7925198686,,,0,Monsoon,0.0
968,30th week,Delhi,North Delhi,Cholera,5,0,25,7,2019,28.78722785,77.09809033,0.8748362289,7.0,306.64,0,Monsoon,0.0
970,30th week,Gujarat,Navsari,Cholera,25,0,24,7,2019,20.952407,72.9323831,0.1795757448,7.0,304.285,1,Monsoon,0.0
1017,33rd week,Gujarat,Vadodara,Cholera,11,0,13,8,2019,22.2973142,73.1942567,2.551227918,,,0,Monsoon,0.0
1043,34th week,Odisha,Dhenkanal,Cholera,15,0,18,8,2019,20.75,85.5,1.545526329,15.0,300.48,0,Monsoon,0.0
1066,35th week,Odisha,Mayurbhanj,Cholera,13,0,24,8,2019,21.75,86.5,3.454880071,7.0,300.6866666,0,Monsoon,0.0
1067,35th week,Odisha,Mayurbhanj,Cholera,16,0,25,8,2019,21.75,86.5,0.789748188,7.0,300.6866666,0,Monsoon,0.0
1068,35th week,Punjab,Hoshiarpur,Cholera,72,0,28,8,2019,31.60857425,75.84644247,0.1590550786,,303.22,0,Monsoon,0.0
1088,36th week,Assam,Tinsukia,Cholera,5,0,2,9,2019,27.52016575,95.53063473,0.3024225084,35.0,303.0666666,0,Monsoon,0.0
1111,37th week,Haryana,Panchkula,Cholera,108,0,10,9,2019,30.7137692,76.868276,0.4429856255,23.0,300.276,0,Monsoon,0.0
1118,37th week,Punjab,Hoshiarpur,Cholera,123,1,14,9,2019,31.60857425,75.84644247,0.1801431669,,301.04,0,Monsoon,0.8130081300813009
1190,40th week,Haryana,Ambala,Cholera,53,1,28,9,2019,30.3843674,76.770421,0.2011654714,22.0,300.184,0,Monsoon,1.8867924528301887
1230,42nd week,Gujarat,Panchmahal,Cholera,1,1,9,10,2019,22.7748893,73.620404,0.06211634838,22.0,302.564,0,Post-Monsoon,100.0
1252,43rd week,Maharashtra,Sangli,Cholera,111,3,22,10,2019,17.1726928,74.58676543,0.8056338426,8.0,301.06,0,Post-Monsoon,2.7027027027027026
1260,43rd week,Jammu And Kashmir,Kupwara,Cholera,246,4,26,8,2019,34.6110236,74.23847867,0.1586836761,17.0,291.7066666,0,Monsoon,1.6260162601626018
1266,43rd week,Maharashtra,Nashik,Cholera,289,0,17,10,2019,20.0112475,73.7902364,0.1675463261,15.0,303.756,0,Post-Monsoon,0.0
1286,45th week,Karnataka,Uttara Kannada,Cholera,20,0,5,11,2019,14.72447415,74.64223734,0.2178832856,42.0,300.75,1,Post-Monsoon,0.0
1297,45th week,Maharashtra,Sangli,Cholera,112,0,1,11,2019,17.1726928,74.58676543,0.2879052222,,300.62,0,Post-Monsoon,0.0
1374,51st week,Tamil Nadu,Tirunelveli,Cholera,1,0,20,12,2019,8.7284271,77.7112925,0.3583284273,12.0,299.91,1,Winter,0.0
1409,6th week,Karnataka,Shimoga,Cholera,54,3,9,2,2018,13.9326093,75.574978,0.001735805551,,305.91,0,Winter,5.555555555555555
1437,11th week,Assam,Jorhat,Cholera,19,0,10,3,2018,26.7577925,94.2079645,0.2620208339,11.0,297.768,0,Summer,0.0
1466,15th week,Maharashtra,Yavatmal,Cholera,4,0,5,4,2018,20.32570375,78.11691397,0.0002515371926,3.0,319.89,0,Summer,0.0
1493,17th week,Maharashtra,Akola,Cholera,13,0,17,4,2018,20.76181225,77.19211567,0.01095632628,3.0,319.91,0,Summer,0.0
1612,26th week,Maharashtra,Amravati,Cholera,27,0,21,6,2018,20.9521098,77.7333168,0.1777936391,3.0,316.69333340000003,0,Monsoon,0.0
1616,26th week,Madhya Pradesh,Bhopal,Cholera,19,1,23,6,2018,23.2584857,77.401989,0.1114470877,9.0,310.79200000000003,0,Monsoon,5.263157894736842
1623,27th week,Gujarat,Vadodara,Cholera,107,1,4,7,2018,22.2973142,73.1942567,0.4468057556,,,0,Monsoon,0.9345794392523363
1639,27th week,Maharashtra,Yavatmal,Cholera,3,0,26,6,2018,20.32570375,78.11691397,0.6042561904,,312.17,0,Monsoon,0.0
1641,28th week,Dadra And Nagar Haveli,Dadra And Nagar Haveli,Cholera,3,0,13,7,2018,20.2712521,73.0014588,1.493951557,1.0,,0,Monsoon,0.0
1643,28th week,Gujarat,Anand,Cholera,31,0,8,7,2018,22.5584995,72.9625629,0.6690163003,4.0,,1,Monsoon,0.0
1645,28th week,Gujarat,Vadodara,Cholera,15,0,14,7,2018,22.2973142,73.1942567,0.7070851857,2.0,,0,Monsoon,0.0
1661,29th week,Gujarat,Dahod,Cholera,1,0,14,7,2018,22.8358542,74.2556782,0.8809292263,1.0,,0,Monsoon,0.0
1674,29th week,Punjab,Ludhiana,Cholera,66,1,20,7,2018,30.9090157,75.851601,1.017620334,,303.14,0,Monsoon,1.5151515151515151
1675,29th week,Punjab,Hoshiarpur,Cholera,355,4,21,7,2018,31.60857425,75.84644247,1.003500193,12.0,302.785,0,Monsoon,1.1267605633802817
1716,31st week,Delhi,North Delhi,Cholera,12,0,3,8,2018,28.78722785,77.09809033,0.06779428596,9.0,302.94,0,Monsoon,0.0
1720,31st week,Maharashtra,Nashik,Cholera,195,3,28,5,2018,20.0112475,73.7902364,0.0232925069,5.0,312.8866666,0,Summer,1.5384615384615385
1722,32nd week,Gujarat,Dahod,Cholera,2,0,8,7,2018,22.8358542,74.2556782,0.4278499176,4.0,303.82,0,Monsoon,0.0
1748,34th week,Madhya Pradesh,Morena,Cholera,6,0,20,8,2018,26.166667,77.5,0.7338538087,,305.285,0,Monsoon,0.0
1750,34th week,Madhya Pradesh,Gwalior,Cholera,144,0,20,8,2018,26.2037247,78.1573628,0.6177748133,,304.4266666,0,Monsoon,0.0
1751,34th week,Madhya Pradesh,Burhanpur,Cholera,16,0,21,8,2018,21.3118839,76.2291992,0.9997307896,,,0,Monsoon,0.0
1766,35th week,Madhya Pradesh,Morena,Cholera,12,0,25,8,2018,26.166667,77.5,1.140651504,10.0,301.66,0,Monsoon,0.0
1775,35th week,Punjab,S.A.S Nagar,Cholera,15,1,27,8,2018,30.7041168,76.7176885,0.2640002865,18.0,299.876,0,Monsoon,6.666666666666667
1776,35th week,Punjab,Ludhiana,Cholera,38,0,28,8,2018,30.9090157,75.851601,0.1693048074,,299.216,0,Monsoon,0.0
1787,36th week,Maharashtra,Jalgaon,Cholera,32,2,6,9,2018,20.84288265,75.52612464,0.08158791335,,302.0,0,Monsoon,6.25
1831,40th week,Punjab,Hoshiarpur,Cholera,22,0,29,9,2018,31.60857425,75.84644247,3.174566892,,299.93,0,Monsoon,0.0
1857,42nd week,Maharashtra,Nandurbar,Cholera,43,1,19,10,2018,21.51450155,74.54070115,8.67e-05,9.0,309.7766666,0,Post-Monsoon,2.3255813953488373
1877,44th week,West Bengal,Rampurhat,Cholera,102,0,29,10,2018,24.1763069,87.7859569,0.001800650255,17.0,302.42400000000004,0,Post-Monsoon,0.0
1885,44th week,Punjab,Ludhiana,Cholera,75,1,22,7,2018,30.9090157,75.851601,1.4236118,9.0,302.4533334,0,Monsoon,1.3333333333333335
1886,44th week,Punjab,Ludhiana,Cholera,12,0,12,9,2018,30.9090157,75.851601,0.6080944717,20.0,301.94,0,Monsoon,0.0
1897,45th week,West Bengal,Birbhum,Cholera,117,0,2,11,2018,24.0,87.583333,0.01147096072,14.0,301.736,0,Post-Monsoon,0.0
1898,45th week,West Bengal,Birbhum,Cholera,49,0,26,10,2018,24.0,87.583333,0.001771063983,17.0,302.8333334,0,Post-Monsoon,0.0
1966,3rd week,Punjab,S.A.S Nagar,Cholera,103,0,19,1,2017,30.7041168,76.7176885,0.1335549893,11.0,286.992,0,Winter,0.0
1996,9th week,Punjab,S.A.S Nagar,Cholera,135,0,1,3,2017,30.7041168,76.7176885,0.006693405674,16.0,296.8766666,0,Summer,0.0
2124,22nd week,Gujarat,Gandhinagar,Cholera,101,0,26,5,2017,23.2232877,72.6492267,0.005320479081,5.0,314.1,0,Summer,0.0
2156,24th week,Gujarat,Gandhi Nagar,Cholera,71,0,20,5,2017,23.06016515,72.58063822,5.35e-05,5.0,319.26,0,Summer,0.0
2166,25th week,Chandigarh,Chandigarh,Cholera,3,0,16,6,2017,30.72984395,76.78414567,0.008095585039,7.0,310.9866666,0,Monsoon,0.0
2173,25th week,Punjab,Jalandhar,Cholera,414,1,23,6,2017,31.29201065,75.56805772,0.4262215264,5.0,308.59000000000003,0,Monsoon,0.24154589371980675
2174,25th week,Punjab,Ludhiana,Cholera,86,0,23,6,2017,30.9090157,75.851601,0.4262215264,5.0,308.59000000000003,0,Monsoon,0.0
2181,25th week,Gujarat,Gandhinagar,Cholera,189,0,14,6,2017,23.2232877,72.6492267,0.08440429428,5.0,310.24,0,Monsoon,0.0
2191,26th week,Gujarat,Anand,Cholera,57,0,30,6,2017,22.5584995,72.9625629,0.9190543476,4.0,309.04,1,Monsoon,0.0
2216,27th week,Punjab,Moga,Cholera,21,0,6,7,2017,30.7839866,75.16057423,0.131497755,5.0,302.03200000000004,0,Monsoon,0.0
2219,27th week,Gujarat,Vadodara,Cholera,19,0,28,6,2017,22.2973142,73.1942567,0.7961108618,4.0,308.62,0,Monsoon,0.0
2232,28th week,Maharashtra,Ratnagiri,Cholera,83,0,13,7,2017,17.2826079,73.4569787,0.600488813,7.0,298.45,1,Monsoon,0.0
2233,28th week,Punjab,Ludhiana,Cholera,171,1,12,7,2017,30.9090157,75.851601,0.3141627469,,302.276,0,Monsoon,0.5847953216374269
2234,28th week,Punjab,Sangrur,Cholera,124,0,12,7,2017,30.2093363,75.81842243,0.2316729127,,300.82,0,Monsoon,0.0
2259,29th week,Maharashtra,Osmanabad,Cholera,3,0,11,7,2017,18.16984395,76.11796321,0.108867075,,309.7466666,0,Monsoon,0.0
2271,30th week,Gujarat,Navsari,Cholera,47,0,27,7,2017,20.952407,72.9323831,1.214032591,,,1,Monsoon,0.0
2273,30th week,Haryana,Gurgaon,Cholera,40,0,25,7,2017,28.42826235,77.00270015,0.3273653217,8.0,304.0866666,0,Monsoon,0.0
2278,30th week,Kerala,Pathanamthitta,Cholera,4,1,20,7,2017,9.2780841,76.9737443,0.4166274169,,298.85,0,Monsoon,25.0
2283,30th week,Punjab,Ludhiana,Cholera,106,0,30,7,2017,30.9090157,75.851601,0.3380100873,13.0,303.344,0,Monsoon,0.0
2302,31st week,Kerala,Kozhikode,Cholera,6,0,1,8,2017,11.2450558,75.7754716,0.2666190138,,,1,Monsoon,0.0
2303,31st week,Madhya Pradesh,Khandwa,Cholera,34,0,2,8,2017,21.9778642,76.56882823,0.4464960214,11.0,298.04,0,Monsoon,0.0
2324,32nd week,Punjab,Ludhiana,Cholera,459,1,14,8,2017,30.9090157,75.851601,0.2742482473,19.0,301.36,0,Monsoon,0.2178649237472767
2343,33rd week,Chhattisgarh,Mahasamund,Cholera,39,0,16,8,2017,21.1882332,82.48484762,0.4004477981,10.0,301.44,0,Monsoon,0.0
2371,34th week,Karnataka,Dharwad,Cholera,78,0,22,8,2017,15.4540505,75.0066516,0.2489865175,3.0,309.22,0,Monsoon,0.0
2384,35th week,Assam,Dibrugarh,Cholera,24,0,24,8,2017,27.4844597,94.9019447,0.401762508,22.0,291.265,0,Monsoon,0.0
2518,42nd week,Madhya Pradesh,Raisen,Cholera,18,1,14,10,2017,23.25,78.083333,0.19828245,18.0,303.935,0,Post-Monsoon,5.555555555555555
2578,46th week,Maharashtra,Aurangabad,Cholera,5825,0,10,11,2017,19.877263,75.3390241,8.34e-05,11.0,306.0466666,0,Post-Monsoon,0.0
2615,50th week,Gujarat,Kheda,Cholera,2,0,13,12,2017,22.75,72.833333,0.004625559769,6.0,300.225,0,Winter,0.0
2631,52nd week,Gujarat,Surat,Cholera,65,0,24,12,2017,21.19177615,72.95441578,5.48e-05,9.0,298.52500000000003,1,Winter,0.0
2632,52nd week,Karnataka,Bangalore Urban,Cholera,19,2,28,12,2017,12.94514225,77.553645,0.0001615998913,10.0,300.8766666,0,Winter,10.526315789473683
2639,1st week,Karnataka,Chitradurga,Cholera,4,0,7,1,2016,14.2266443,76.4005122,1.38e-05,7.0,305.2066666,0,Winter,0.0
2650,3rd week,Assam,Cachar,Cholera,2,0,20,1,2016,24.75863995,92.88166476,0.002035318082,20.0,293.9666666,0,Winter,0.0
2656,4th week,Assam,Cachar,Cholera,172,2,27,1,2016,24.75863995,92.88166476,0.04163991941,22.0,295.36,0,Winter,1.1627906976744187
2666,5th week,Karnataka,Mysore,Cholera,33,0,3,2,2016,12.3051828,76.6553609,5.89e-05,10.0,306.79200000000003,0,Winter,0.0
2673,6th week,Assam,Cachar,Cholera,16,0,9,2,2016,24.75863995,92.88166476,0.02283123923,,298.1033334,0,Winter,0.0
2674,6th week,Assam,Cachar,Cholera,3,0,9,2,2016,24.75863995,92.88166476,0.02283123923,,298.1033334,0,Winter,0.0
2675,6th week,Assam,Cachar,Cholera,174,2,26,1,2016,24.75863995,92.88166476,0.06446665332,22.0,295.5,0,Winter,1.1494252873563218
2708,10th week,Karnataka,Mysuru,Cholera,40,0,4,3,2016,12.3051828,76.6553609,8.34e-05,,312.47,0,Summer,0.0
2724,12th week,Gujarat,Kheda,Cholera,82,0,23,3,2016,22.75,72.833333,8.13e-05,6.0,312.1733334,0,Summer,0.0
2732,12th week,Karnataka,Mysuru,Cholera,40,0,4,3,2016,12.3051828,76.6553609,8.34e-05,,312.47,0,Summer,0.0
2743,13th week,West Bengal,North 24 Parganas,Cholera,509,0,26,3,2016,22.642931,88.8930579,0.03973893759,16.0,303.8533334,1,Summer,0.0
2748,14th week,Gujarat,Banaskantha,Cholera,45,1,7,4,2016,24.172056,72.431134,0.000208044708,5.0,310.2166666,0,Summer,2.2222222222222223
2753,14th week,Maharashtra,Washim,Cholera,31,0,5,4,2016,20.28741775,77.2369655,0.007656557727,,323.11,0,Summer,0.0
2758,14th week,Rajasthan,Jaipur,Cholera,59,2,4,4,2016,26.9154576,75.8189817,5.66e-05,3.0,313.31333340000003,0,Summer,3.389830508474576
2760,14th week,Assam,Hailakandi,Cholera,23,0,24,3,2016,24.68845365,92.57381528,0.5682023857,19.0,300.3233334,0,Summer,0.0
2768,14th week,West Bengal,South 24 Parganas,Cholera,776,0,26,3,2016,22.5760669,88.42006758,0.03823733197,13.0,303.9766666,1,Summer,0.0
2772,16th week,Karnataka,Mysuru,Cholera,30,0,17,4,2016,12.3051828,76.6553609,0.008269637815,7.0,315.748,0,Summer,0.0
2773,16th week,Karnataka,Mysuru,Cholera,22,0,19,4,2016,12.3051828,76.6553609,0.005603849499,7.0,315.1633334,0,Summer,0.0
2782,16th week,West Bengal,Uttar Dinajpur,Cholera,870,0,26,3,2016,25.8707958,87.96259728,0.01384412423,8.0,304.48,0,Summer,0.0
2783,17th week,Gujarat,Gandhi Nagar,Cholera,21,0,25,4,2016,23.06016515,72.58063822,3.25e-05,5.0,315.6066666,0,Summer,0.0
2787,17th week,Karnataka,Hassan,Cholera,40,0,29,4,2016,13.0070817,76.0992703,0.00236661977,,315.884,0,Summer,0.0
2802,18th week,Karnataka,Belagavi,Cholera,5,0,4,5,2016,15.8572666,74.5069343,0.1117671629,8.0,317.61333340000004,0,Summer,0.0
2803,18th week,Karnataka,Belagavi,Cholera,3,0,4,5,2016,15.8572666,74.5069343,0.1117671629,8.0,317.61333340000004,0,Summer,0.0
2807,18th week,Maharashtra,Wardha,Cholera,24,0,2,5,2016,20.82562315,78.6131455,0.03192275383,4.0,323.37,0,Summer,0.0
2815,18th week,Uttar Pradesh,Mathura,Cholera,173,3,5,5,2016,27.633333,77.583333,0.04562310327,3.0,321.7366666,0,Summer,1.7341040462427744
2824,18th week,Gujarat,Gandhi Nagar,Cholera,34,0,25,4,2016,23.06016515,72.58063822,3.25e-05,5.0,315.6066666,0,Summer,0.0
2828,19th week,Gujarat,Gandhi Nagar,Cholera,97,0,6,5,2016,23.06016515,72.58063822,0.01565446637,5.0,317.2466666,0,Summer,0.0
2849,19th week,West Bengal,Bankura,Cholera,122,0,2,5,2016,23.13195425,87.2073972,0.08036036783,6.0,315.344,0,Summer,0.0
2855,20th week,Madhya Pradesh,Dhar,Cholera,33,0,13,5,2016,22.5,75.25,0.07683057682,3.0,315.712,0,Summer,0.0
2856,20th week,Maharashtra,Akola,Cholera,21,1,21,5,2016,20.76181225,77.19211567,0.002499170694,2.0,325.4233334,0,Summer,4.761904761904762
2863,20th week,West Bengal,Malda,Cholera,101,0,14,5,2016,25.0057449,88.1398483,0.3848566304,8.0,307.488,0,Summer,0.0
2872,20th week,West Bengal,Bankura,Cholera,122,0,2,5,2016,23.13195425,87.2073972,0.08036036783,6.0,315.344,0,Summer,0.0
2879,21st week,Gujarat,Jamnagar,Cholera,47,0,22,5,2016,22.4732415,70.0552102,0.0003191528184,2.0,321.492,1,Summer,0.0
2880,21st week,Madhya Pradesh,Indore,Cholera,3,0,20,5,2016,22.7665444,75.9006944,4.37e-05,2.0,322.2133334,0,Summer,0.0
2882,21st week,Maharashtra,Akola,Cholera,21,1,23,5,2016,20.76181225,77.19211567,0.002685900832,,325.244,0,Summer,4.761904761904762
2883,21st week,Maharashtra,Amravati,Cholera,62,0,21,5,2016,20.9521098,77.7333168,0.01309271865,2.0,324.8766666,0,Summer,0.0
2895,21st week,West Bengal,Purulia,Cholera,53,0,30,5,2016,23.3291882,86.3672378,0.196499884,7.0,307.6733334,0,Summer,0.0
2898,21st week,West Bengal,Purulia,Cholera,117,2,29,5,2016,23.3291882,86.3672378,0.2843318082,7.0,307.295,0,Summer,1.7094017094017095
2921,22nd week,Punjab,Patiala,Cholera,480,2,6,6,2016,30.2090874,76.33987209,0.02500362103,3.0,314.3266666,0,Monsoon,0.4166666666666667
2929,22nd week,West Bengal,Bankura,Cholera,49,0,31,5,2016,23.13195425,87.2073972,0.3320668232,,307.27500000000003,0,Summer,0.0
2930,22nd week,West Bengal,Purulia,Cholera,30,0,5,6,2016,23.3291882,86.3672378,0.4598052919,7.0,308.668,0,Monsoon,0.0
2931,22nd week,West Bengal,Purulia,Cholera,96,0,1,6,2016,23.3291882,86.3672378,0.3100517083,,309.67,0,Monsoon,0.0
2932,22nd week,West Bengal,South 24 Parganas,Cholera,26,0,1,6,2016,22.5760669,88.42006758,0.1586993147,,304.075,1,Monsoon,0.0
2933,22nd week,Assam,Sivasagar,Cholera,235,1,22,5,2016,26.9834936,94.6394226,1.842831286,16.0,299.18,0,Summer,0.425531914893617
2935,22nd week,Karnataka,Bijapur,Cholera,86,0,6,3,2016,16.8269911,75.7175387,0.0849281048,4.0,311.212,0,Summer,0.0
2949,23rd week,Chandigarh,Chandigarh,Cholera,31,0,9,6,2016,30.72984395,76.78414567,0.08376674357,,309.1366666,0,Monsoon,0.0
2958,23rd week,Maharashtra,Jalgaon,Cholera,53,1,6,6,2016,20.84288265,75.52612464,0.002886902682,2.0,316.0933334,0,Monsoon,1.8867924528301887
2965,23rd week,Rajasthan,Udaipur,Cholera,77,0,8,6,2016,24.578721,73.6862571,0.0004823618879,,323.464,0,Monsoon,0.0
2972,23rd week,West Bengal,Purulia,Cholera,30,0,6,6,2016,23.3291882,86.3672378,0.4138951428,7.0,308.165,0,Monsoon,0.0
2988,24th week,Gujarat,Narmada,Cholera,41,1,13,6,2016,21.8678464,73.5025585,0.004507394,5.0,313.30400000000003,0,Monsoon,2.4390243902439024
3018,24th week,Chandigarh,Chandigarh,Cholera,40,0,9,6,2016,30.72984395,76.78414567,0.08376674357,,309.1366666,0,Monsoon,0.0
3023,25th week,Assam,Jorhat,Cholera,11,0,19,6,2016,26.7577925,94.2079645,1.202283481,2.0,296.68,0,Monsoon,0.0
3027,25th week,Karnataka,Bidar,Cholera,26,0,18,6,2016,18.083333,77.333333,0.06141703074,2.0,314.2,0,Monsoon,0.0
3041,25th week,West Bengal,Bankura,Cholera,56,0,19,6,2016,23.13195425,87.2073972,0.5233663577,10.0,301.19,0,Monsoon,0.0
3054,25th week,Chandigarh,Chandigarh,Cholera,51,0,9,6,2016,30.72984395,76.78414567,0.08376674357,,309.1366666,0,Monsoon,0.0
3058,26th week,Gujarat,Gandhinagar,Cholera,12,0,2,7,2016,23.2232877,72.6492267,0.6417646359,,316.06,0,Monsoon,0.0
3059,26th week,Gujarat,Kheda,Cholera,37,0,1,7,2016,22.75,72.833333,0.6336163037,4.0,316.06,0,Monsoon,0.0
3068,26th week,Madhya Pradesh,Barwani,Cholera,15,1,27,6,2016,22.0333621,74.8978374,0.293674433,2.0,311.48,0,Monsoon,6.666666666666667
3072,26th week,Madhya Pradesh,Ratlam,Cholera,66,0,24,6,2016,23.4805919,74.91931943,0.4219530301,,306.1,0,Monsoon,0.0
3077,26th week,West Bengal,North 24 Parganas,Cholera,137,0,3,7,2016,22.642931,88.8930579,0.3703167204,,297.0933334,1,Monsoon,0.0
3085,26th week,Rajasthan,Bharatpur,Cholera,14,0,20,6,2016,27.26521245,77.36912555,0.1416317695,3.0,310.36,0,Monsoon,0.0
3086,26th week,West Bengal,Bankura,Cholera,56,0,19,6,2016,23.13195425,87.2073972,0.5233663577,10.0,301.19,0,Monsoon,0.0
3087,26th week,West Bengal,South 24 Parganas,Cholera,17,0,19,6,2016,22.5760669,88.42006758,0.5914813081,12.0,302.14,1,Monsoon,0.0
3088,26th week,West Bengal,South 24 Parganas,Cholera,43,0,18,6,2016,22.5760669,88.42006758,0.5360015094,12.0,302.14,1,Monsoon,0.0
3100,27th week,Maharashtra,Aurangabad,Cholera,9,1,8,7,2016,19.877263,75.3390241,0.5391225655,0.0,,0,Monsoon,11.11111111111111
3102,27th week,Odisha,Balasore,Cholera,54,4,6,7,2016,21.5002888,86.9202627,0.8715405717,5.0,298.2,1,Monsoon,7.4074074074074066
3103,27th week,Punjab,Jalandhar,Cholera,39,0,12,7,2016,31.29201065,75.56805772,0.1381792998,8.0,304.2733334,0,Monsoon,0.0
3126,28th week,Gujarat,Surat,Cholera,21,0,7,7,2016,21.19177615,72.95441578,0.8702368697,2.0,283.16,1,Monsoon,0.0
3131,28th week,Karnataka,Bidar,Cholera,22,0,15,7,2016,18.083333,77.333333,1.193017326,4.0,302.96,0,Monsoon,0.0
3133,28th week,Karnataka,Ramanagara,Cholera,84,0,14,7,2016,12.7252766,77.2804797,0.08884931667,6.0,297.1,0,Monsoon,0.0
3135,28th week,Kerala,Malappuram,Cholera,14,2,10,7,2016,11.10684475,76.1099551,1.190482969,,,1,Monsoon,14.285714285714285
3136,28th week,Kerala,Palakkad,Cholera,58,3,3,7,2016,10.78789845,76.47408711,0.9950994206,,295.21,0,Monsoon,5.172413793103448
3137,28th week,Madhya Pradesh,Barwani,Cholera,16,0,15,7,2016,22.0333621,74.8978374,2.444454838,4.0,301.38,0,Monsoon,0.0
3145,28th week,Maharashtra,Nagpur,Cholera,858,2,12,7,2016,21.1498134,79.0820556,3.103525705,6.0,,0,Monsoon,0.2331002331002331
3150,28th week,Odisha,Rayagada,Cholera,10,2,16,7,2016,19.17209585,83.33503085,0.9703402027,11.0,302.12,0,Monsoon,20.0
3161,28th week,Rajasthan,Kota,Cholera,45,0,4,7,2016,25.1737019,75.8574194,0.5350019157,4.0,313.52,0,Monsoon,0.0
3168,29th week,Dadra And Nagar Haveli,Dadra And Nagar Haveli,Cholera,2,0,19,7,2016,20.2712521,73.0014588,0.6110899287,,300.88,0,Monsoon,0.0
3171,29th week,Gujarat,Vadodara,Cholera,47,0,21,7,2016,22.2973142,73.1942567,0.4174039821,5.0,300.52,0,Monsoon,0.0
3179,29th week,Madhya Pradesh,Ratlam,Cholera,744,1,14,7,2016,23.4805919,74.91931943,3.760360955,2.0,,0,Monsoon,0.13440860215053765
3180,29th week,Madhya Pradesh,Shajapur,Cholera,14,0,20,7,2016,23.37074105,76.62051527,0.5323417689,6.0,,0,Monsoon,0.0
3187,29th week,Punjab,Moga,Cholera,326,0,24,7,2016,30.7839866,75.16057423,0.1628037717,16.0,302.7066666,0,Monsoon,0.0
3219,30th week,Karnataka,Kalaburgi (Gulbarga),Cholera,18,0,25,7,2016,17.31506295,76.83148612,0.6289542189,3.0,,0,Monsoon,0.0
3222,30th week,Madhya Pradesh,Barwani,Cholera,17,1,22,7,2016,22.0333621,74.8978374,0.1888770529,4.0,,0,Monsoon,5.88235294117647
3223,30th week,Madhya Pradesh,Barwani,Cholera,13,0,28,7,2016,22.0333621,74.8978374,1.163442382,1.0,,0,Monsoon,0.0
3232,30th week,Odisha,Balasore,Cholera,12,0,27,7,2016,21.5002888,86.9202627,1.021858573,,,1,Monsoon,0.0
3239,30th week,Rajasthan,Pratapgarh,Cholera,49,0,29,7,2016,24.0333495,74.7801315,1.027283734,5.0,304.27,0,Monsoon,0.0
3241,30th week,Telangana,Medak,Cholera,202,1,27,7,2016,17.9375095,78.21174499,0.4383765199,,307.62,0,Monsoon,0.49504950495049505
3263,30th week,West Bengal,Purulia,Cholera,46,0,9,7,2016,23.3291882,86.3672378,0.9064950318,5.0,302.8,0,Monsoon,0.0
3275,31st week,Karnataka,Bidar,Cholera,13,0,2,8,2016,18.083333,77.333333,1.083564583,5.0,300.28000000000003,0,Monsoon,0.0
3276,31st week,Karnataka,Kolar,Cholera,28,0,3,8,2016,13.1367201,78.1337246,0.4500734702,,299.82,0,Monsoon,0.0
3278,31st week,Madhya Pradesh,Mandla,Cholera,49,6,30,7,2016,22.68536625,80.58150562,0.631774217,10.0,,0,Monsoon,12.244897959183673
3289,31st week,Rajasthan,Baran,Cholera,110,0,2,8,2016,24.91765715,76.69627663,1.636506771,6.0,,0,Monsoon,0.0
3302,31st week,Delhi,North Delhi,Cholera,26,0,5,7,2016,28.78722785,77.09809033,0.9702527936,7.0,312.82,0,Monsoon,0.0
3312,32nd week,Chhattisgarh,Janjgir,Cholera,28,0,7,8,2016,22.0090841,82.578896,1.971929241,2.0,297.12,0,Monsoon,0.0
3315,32nd week,Gujarat,Gandhinagar,Cholera,52,0,10,8,2016,23.2232877,72.6492267,0.989275788,3.0,,0,Monsoon,0.0
3316,32nd week,Gujarat,Kheda,Cholera,77,1,9,8,2016,22.75,72.833333,0.8092235402,3.0,,0,Monsoon,1.2987012987012987
3319,32nd week,Madhya Pradesh,Burhanpur,Cholera,41,0,6,8,2016,21.3118839,76.2291992,1.526418986,6.0,301.26,0,Monsoon,0.0
3320,32nd week,Madhya Pradesh,Khandwa,Cholera,121,1,9,8,2016,21.9778642,76.56882823,1.001518474,6.0,304.02,0,Monsoon,0.8264462809917356
3322,32nd week,Madhya Pradesh,Ratlam,Cholera,22,0,7,8,2016,23.4805919,74.91931943,2.313674696,4.0,,0,Monsoon,0.0
3324,32nd week,Maharashtra,Jalgaon,Cholera,46,0,8,8,2016,20.84288265,75.52612464,0.6401200408,7.0,299.62,0,Monsoon,0.0
3325,32nd week,Maharashtra,Kolhapur,Cholera,50,0,6,8,2016,16.7028412,74.2405329,1.117584664,9.0,,0,Monsoon,0.0
3364,33rd week,Gujarat,Gandhinagar,Cholera,52,0,9,8,2016,23.2232877,72.6492267,0.8092235402,3.0,,0,Monsoon,0.0
3371,33rd week,Madhya Pradesh,Ratlam,Cholera,1614,1,14,7,2016,23.4805919,74.91931943,3.760360955,2.0,,0,Monsoon,0.061957868649318466
3373,33rd week,Punjab,Jalandhar,Cholera,165,0,1,8,2016,31.29201065,75.56805772,0.5513407041,16.0,301.6466666,0,Monsoon,0.0
3404,34th week,Chhattisgarh,Korba,Cholera,7,2,18,7,2016,22.3547468,82.7110855,1.362877675,,288.5,0,Monsoon,28.57142857142857
3411,34th week,Madhya Pradesh,Ratlam,Cholera,6,0,31,7,2016,23.4805919,74.91931943,1.433377342,2.0,,0,Monsoon,0.0
3416,34th week,Rajasthan,Jaipur,Cholera,546,0,8,8,2016,26.9154576,75.8189817,0.7369537585,7.0,302.0066666,0,Monsoon,0.0
3439,35th week,Punjab,Hoshiarpur,Cholera,34,0,3,9,2016,31.60857425,75.84644247,0.2459495337,23.0,302.15000000000003,0,Monsoon,0.0
3440,35th week,Rajasthan,Udaipur,Cholera,84,7,29,8,2016,24.578721,73.6862571,0.5920455575,15.0,300.76,0,Monsoon,8.333333333333332
3454,35th week,Kerala,Palakkad,Cholera,102,0,5,7,2016,10.78789845,76.47408711,0.6394952945,4.0,295.21,0,Monsoon,0.0
3463,36th week,Chhattisgarh,Janjgir,Cholera,195,0,6,9,2016,22.0090841,82.578896,0.804016912,7.0,299.02,0,Monsoon,0.0
3464,36th week,Karnataka,Davangere,Cholera,51,0,3,9,2016,14.4679807,75.9195682,0.3197981134,10.0,,0,Monsoon,0.0
3532,38th week,Telangana,Medak,Cholera,44,0,19,9,2016,17.9375095,78.21174499,1.401271745,9.0,299.14,0,Monsoon,0.0
3542,38th week,Telangana,Medak,Cholera,250,1,27,7,2016,17.9375095,78.21174499,0.4383765199,,307.62,0,Monsoon,0.4
3546,39th week,Karnataka,Koppal,Cholera,21,0,26,9,2016,15.3484144,76.1547421,0.8230239189,4.0,,0,Monsoon,0.0
3604,40th week,Maharashtra,Nashik,Cholera,79,0,24,9,2016,20.0112475,73.7902364,1.132765083,17.0,301.38,0,Monsoon,0.0
3640,42nd week,Madhya Pradesh,Barwani,Cholera,25,1,17,10,2016,22.0333621,74.8978374,0.004007040888,11.0,306.2833334,0,Post-Monsoon,4.0
3678,44th week,Odisha,Ganjam,Cholera,44,0,26,10,2016,19.4129711,85.04710406,,15.0,299.08,1,Post-Monsoon,0.0
3703,46th week,Telangana,Medak,Cholera,59,0,19,9,2016,17.9375095,78.21174499,1.401271745,9.0,299.14,0,Monsoon,0.0
3715,47th week,Telangana,Medak,Cholera,43,0,4,10,2016,17.9375095,78.21174499,0.4295015829,13.0,300.12,0,Post-Monsoon,0.0
3796,9th week,Andhra Pradesh,Kurnool,Cholera,22,0,18,2,2015,15.8309251,78.0425373,0.0001869740084,,311.44,0,Winter,0.0
3797,9th week,Gujarat,Ahmedabad,Cholera,24,1,24,2,2015,23.0216238,72.5797068,6.17e-05,9.0,307.0566666,1,Winter,4.166666666666666
3801,9th week,Telangana,Mahabubnagar,Cholera,31,0,27,2,2015,16.69656855,77.95911462,4.45e-05,5.0,313.768,0,Winter,0.0
3846,16th week,Maharashtra,Raigad,Cholera,22,0,30,3,2015,18.4928092,73.13807095,0.1073073868,,312.37333340000004,1,Summer,0.0
3854,17th week,Karnataka,Bidar,Cholera,22,0,24,4,2015,18.083333,77.333333,0.03635194456,3.0,319.99,0,Summer,0.0
3855,17th week,Karnataka,Kalaburagi,Cholera,82,0,22,4,2015,17.166667,77.083333,0.01748067822,,317.4633334,0,Summer,0.0
3859,17th week,West Bengal,Nadia,Cholera,59,0,15,4,2015,23.48454125,88.55676307,0.2479846539,,302.016,0,Summer,0.0
3876,19th week,Karnataka,Kalburgi,Cholera,53,0,5,5,2015,17.166667,77.083333,0.01454208003,4.0,319.1433334,0,Summer,0.0
3901,20th week,West Bengal,Hooghly,Cholera,32,0,17,5,2015,22.9052114,88.3760639,0.2510897441,,304.84000000000003,0,Summer,0.0
3902,20th week,West Bengal,Hooghly,Cholera,29,0,11,5,2015,22.9052114,88.3760639,0.1465262037,15.0,304.875,0,Summer,0.0
3920,22nd week,Gujarat,Gandhi Nagar,Cholera,9,0,25,5,2015,23.06016515,72.58063822,0.0001344182891,,319.152,0,Summer,0.0
3921,22nd week,Gujarat,Gandhi Nagar,Cholera,1,0,25,5,2015,23.06016515,72.58063822,0.0001344182891,,319.152,0,Summer,0.0
3924,22nd week,Karnataka,Kalburgi,Cholera,17,0,25,5,2015,17.166667,77.083333,0.0002248964518,,317.47,0,Summer,0.0
3948,23rd week,Karnataka,Kalburgi,Cholera,22,1,7,4,2015,17.166667,77.083333,0.001001715921,,320.9633334,0,Summer,4.545454545454546
3956,24th week,Madhya Pradesh,Khargone,Cholera,44,0,10,6,2015,21.825599,75.614182,0.04586098706,,319.34000000000003,0,Monsoon,0.0
3982,25th week,Karnataka,Kalburgi,Cholera,156,0,16,6,2015,17.166667,77.083333,0.687426363,2.0,318.38,0,Monsoon,0.0
4004,26th week,Gujarat,Narmada,Cholera,15,0,24,6,2015,21.8678464,73.5025585,0.1861349374,7.0,307.94,0,Monsoon,0.0
4013,26th week,Maharashtra,Nagpur,Cholera,22,0,18,6,2015,21.1498134,79.0820556,0.8991027367,,314.75,0,Monsoon,0.0
4037,27th week,Karnataka,Belgaum,Cholera,9,0,30,6,2015,15.8572666,74.5069343,0.6720285708,10.0,299.32,0,Monsoon,0.0
4047,27th week,Madhya Pradesh,Panna,Cholera,56,2,1,7,2015,24.5,80.25,0.6532520202,8.0,304.1333334,0,Monsoon,3.571428571428571
4065,28th week,Karnataka,Bidar,Cholera,24,0,4,7,2015,18.083333,77.333333,0.02185066896,,310.7466666,0,Monsoon,0.0
4108,30th week,Chandigarh,Chandigarh,Cholera,2,0,20,7,2015,30.72984395,76.78414567,1.780779828,,301.295,0,Monsoon,0.0
4134,31st week,Chandigarh,Chandigarh,Cholera,2,0,27,7,2015,30.72984395,76.78414567,0.3373140435,,305.5,0,Monsoon,0.0
4143,31st week,Karnataka,Bidar,Cholera,15,0,27,7,2015,18.083333,77.333333,0.1431191621,,,0,Monsoon,0.0
4154,31st week,Punjab,Ludhiana,Cholera,414,4,3,8,2015,30.9090157,75.851601,0.3646139887,16.0,302.02500000000003,0,Monsoon,0.966183574879227
4166,32nd week,Chandigarh,Chandigarh,Cholera,16,0,8,8,2015,30.72984395,76.78414567,0.3686312576,15.0,302.7,0,Monsoon,0.0
4193,33rd week,Dadra And Nagar Haveli,Dadra And Nagar Haveli,Cholera,1,0,14,8,2015,20.2712521,73.0014588,0.4912155228,15.0,300.08,0,Monsoon,0.0
4209,33rd week,Madhya Pradesh,Ratlam,Cholera,878,0,2,7,2015,23.4805919,74.91931943,0.08795929723,5.0,305.495,0,Monsoon,0.0
4211,33rd week,Chandigarh,Chandigarh,Cholera,43,0,8,8,2015,30.72984395,76.78414567,0.3686312576,15.0,302.7,0,Monsoon,0.0
4232,34th week,West Bengal,Bankura,Cholera,34,0,17,8,2015,23.13195425,87.2073972,0.6686845086,6.0,302.64,0,Monsoon,0.0
4239,34th week,Madhya Pradesh,Indore,Cholera,6,0,27,7,2015,22.7665444,75.9006944,1.702143616,,,0,Monsoon,0.0
4249,35th week,Karnataka,Udupi,Cholera,7,2,22,8,2015,13.3419169,74.7473232,0.4823376214,14.0,300.61,1,Monsoon,28.57142857142857
4256,35th week,Punjab,Hoshiarpur,Cholera,18,0,26,8,2015,31.60857425,75.84644247,0.5658128235,21.0,300.4666666,0,Monsoon,0.0
4268,35th week,Madhya Pradesh,Indore,Cholera,5,0,17,8,2015,22.7665444,75.9006944,0.8161001064,13.0,,0,Monsoon,0.0
4269,35th week,Madhya Pradesh,Indore,Cholera,3,0,10,8,2015,22.7665444,75.9006944,0.4897824903,4.0,298.18,0,Monsoon,0.0
4290,36th week,West Bengal,Bankura,Cholera,62,1,29,8,2015,23.13195425,87.2073972,0.6996552503,,301.52,0,Monsoon,1.6129032258064515
4297,36th week,Rajasthan,Baran,Cholera,55,0,20,8,2015,24.91765715,76.69627663,0.9772307996,,,0,Monsoon,0.0
4365,39th week,Chandigarh,Chandigarh,Cholera,3,0,19,9,2015,30.72984395,76.78414567,0.04925346405,21.0,302.2466666,0,Monsoon,0.0
4368,39th week,Karnataka,Bagalkot,Cholera,66,0,20,9,2015,16.1853166,75.6967919,0.7026356322,5.0,304.88,0,Monsoon,0.0
4390,39th week,West Bengal,Purulia,Cholera,15,0,1,9,2015,23.3291882,86.3672378,0.7917855506,13.0,300.86,0,Monsoon,0.0
4408,40th week,Telangana,Mahbubnagar,Cholera,172,1,28,9,2015,16.7434538,77.9923191,0.1218917038,13.0,308.672,0,Monsoon,0.5813953488372093
4427,41st week,Gujarat,Anand,Cholera,72,1,6,10,2015,22.5584995,72.9625629,0.0006117987188,12.0,309.46,1,Post-Monsoon,1.3888888888888888
4523,47th week,Karnataka,Mysuru,Cholera,65,0,20,11,2015,12.3051828,76.6553609,0.7978852678,16.0,,0,Post-Monsoon,0.0
4559,49th week,West Bengal,Purulia,Cholera,31,0,29,11,2015,23.3291882,86.3672378,7.87e-05,5.0,303.04,0,Post-Monsoon,0.0
4586,51st week,Rajasthan,Jaipur,Cholera,7,0,14,12,2015,26.9154576,75.8189817,0.0001063621229,5.0,300.6433334,0,Winter,0.0
4611,2nd week,Odisha,Ganjam,Cholera,42,0,1,1,2014,19.4129711,85.04710406,,,299.916,1,Winter,0.0
4615,3rd week,Odisha,Kendrapara,Cholera,94,0,14,1,2014,20.50040085,86.43170623,0.0009299637002,6.0,299.64,1,Winter,0.0
4620,3rd week,Odisha,Ganjam,Cholera,41,0,2,1,2014,19.4129711,85.04710406,,,299.868,1,Winter,0.0
4664,14th week,West Bengal,Birbhum,Cholera,31,0,3,4,2014,24.0,87.583333,2.95e-05,9.0,310.144,0,Summer,0.0
4698,20th week,Karnataka,Mysore,Cholera,32,0,15,5,2014,12.3051828,76.6553609,0.04793818271,10.0,307.315,0,Summer,0.0
4720,22nd week,Karnataka,Davangere,Cholera,98,2,18,5,2014,14.4679807,75.9195682,0.00226386295,8.0,309.808,0,Summer,2.0408163265306123
4729,23rd week,Haryana,Gurgaon,Cholera,60,0,9,6,2014,28.42826235,77.00270015,3.86e-05,,316.1533334,0,Monsoon,0.0
4732,23rd week,Karnataka,Chitradurga,Cholera,25,0,5,6,2014,14.2266443,76.4005122,0.1300227558,8.0,304.51,0,Monsoon,0.0
4876,30th week,Punjab,Ludhiana,Cholera,63,3,22,7,2014,30.9090157,75.851601,0.2257159692,10.0,304.5666666,0,Monsoon,4.761904761904762
4877,30th week,Punjab,Patiala,Cholera,28,0,27,7,2014,30.2090874,76.33987209,0.1538627421,,304.29,0,Monsoon,0.0
4878,30th week,Punjab,Hoshiarpur,Cholera,86,0,20,7,2014,31.60857425,75.84644247,0.5101043947,,305.85,0,Monsoon,0.0
4889,30th week,Chhattisgarh,Mahasamund,Cholera,46,1,12,7,2014,21.1882332,82.48484762,0.2332988021,,302.1533334,0,Monsoon,2.1739130434782608
4899,30th week,Odisha,Khordha,Cholera,10,0,10,7,2014,20.22564715,85.56059465,0.8573744618,10.0,303.2,1,Monsoon,0.0
4922,31st week,West Bengal,Hooghly,Cholera,56,0,3,8,2014,22.9052114,88.3760639,0.5468923065,11.0,299.805,0,Monsoon,0.0
4928,31st week,West Bengal,North 24 Parganas,Cholera,290,0,18,7,2014,22.642931,88.8930579,0.7140316173,8.0,302.46,1,Monsoon,0.0
4948,32nd week,West Bengal,North 24 Parganas,Cholera,445,0,18,7,2014,22.642931,88.8930579,0.7140316173,8.0,302.46,1,Monsoon,0.0
4952,33rd week,Gujarat,Sabarkantha,Cholera,23,1,12,8,2014,24.0294885,73.0459884,1.656777275,,300.72,0,Monsoon,4.3478260869565215
4960,33rd week,Odisha,Kendrapara,Cholera,13,0,9,8,2014,20.50040085,86.43170623,1.347387979,5.0,303.1,1,Monsoon,0.0
4961,33rd week,Punjab,Ludhiana,Cholera,10,0,16,8,2014,30.9090157,75.851601,0.3254602861,17.0,301.436,0,Monsoon,0.0
4974,34th week,Karnataka,Chitradurga,Cholera,38,0,22,8,2014,14.2266443,76.4005122,0.6475434718,8.0,303.7266666,0,Monsoon,0.0
4986,34th week,West Bengal,Purulia,Cholera,67,0,18,8,2014,23.3291882,86.3672378,1.201280507,8.0,,0,Monsoon,0.0
4995,35th week,Haryana,Panchkula,Cholera,761,0,29,8,2014,30.7137692,76.868276,0.03640993686,,303.76,0,Monsoon,0.0
5007,35th week,Odisha,Cuttack,Cholera,14,0,29,8,2014,20.4686,85.8792,0.683741421,,303.56,0,Monsoon,0.0
5012,35th week,West Bengal,Hooghly,Cholera,58,0,22,8,2014,22.9052114,88.3760639,0.8979382878,12.0,300.29,0,Monsoon,0.0
5017,35th week,West Bengal,North 24 Parganas,Cholera,477,0,18,7,2014,22.642931,88.8930579,0.7140316173,8.0,302.46,1,Monsoon,0.0
5021,36th week,Assam,Lakhimpur,Cholera,59,1,4,9,2014,27.0827158,93.9978423,0.2732600276,24.0,302.944,0,Monsoon,1.694915254237288
5043,36th week,Haryana,Panchkula,Cholera,791,0,29,8,2014,30.7137692,76.868276,0.03640993686,,303.76,0,Monsoon,0.0
5055,37th week,Tamil Nadu,Cuddalore,Cholera,16,0,11,9,2014,11.7564329,79.7634644,0.06392840193,9.0,307.46,1,Monsoon,0.0
5067,37th week,Assam,Lakhimpur,Cholera,110,3,4,9,2014,27.0827158,93.9978423,0.2732600276,24.0,302.944,0,Monsoon,2.727272727272727
5068,37th week,West Bengal,Purulia,Cholera,71,0,7,9,2014,23.3291882,86.3672378,0.4035063195,15.0,300.0733334,0,Monsoon,0.0
5087,38th week,Assam,Lakhimpur,Cholera,132,4,4,9,2014,27.0827158,93.9978423,0.2732600276,24.0,302.944,0,Monsoon,3.0303030303030303
5093,39th week,Punjab,Sangrur,Cholera,94,0,23,9,2014,30.2093363,75.81842243,0.01133081453,20.0,302.30333340000004,0,Monsoon,0.0
5112,40th week,Gujarat,Vadodara,Cholera,35,0,1,10,2014,22.2973142,73.1942567,0.05149728213,13.0,305.4266666,0,Post-Monsoon,0.0
5121,40th week,West Bengal,Dakshin Dinajpur,Cholera,23,0,30,9,2014,25.38703085,88.50471505,0.1735476764,,298.3566666,0,Monsoon,0.0
5123,40th week,West Bengal,Medinipur West,Cholera,148,0,24,9,2014,22.4221814,87.3221281,0.7540796909,20.0,301.72,0,Monsoon,0.0
5144,42nd week,Odisha,Balangir,Cholera,40,1,6,10,2014,20.74978325,83.44097217,0.04293001103,23.0,303.716,0,Post-Monsoon,2.5
5154,42nd week,West Bengal,Hooghly,Cholera,372,0,26,9,2014,22.9052114,88.3760639,0.9803978433,21.0,300.3,0,Monsoon,0.0
5167,44th week,Punjab,Moga,Cholera,13,0,30,10,2014,30.7839866,75.16057423,0.0447774158,6.0,301.81,0,Post-Monsoon,0.0
5178,45th week,Bihar,East Champaran,Cholera,21,1,29,10,2014,26.5475298,84.6717583,0.04125474081,13.0,300.868,0,Post-Monsoon,4.761904761904762
5196,46th week,Gujarat,Chota Udaipur,Cholera,94,1,9,11,2014,22.3148736,74.0141067,7.7e-05,,306.9533334,0,Post-Monsoon,1.0638297872340425
5198,46th week,Kerala,Palakkad,Cholera,2,0,5,11,2014,10.78789845,76.47408711,0.8608148946,18.0,298.4533334,0,Post-Monsoon,0.0
5203,46th week,Maharashtra,Sangli,Cholera,36,0,8,11,2014,17.1726928,74.58676543,6.16e-05,,304.3333334,0,Post-Monsoon,0.0
5207,46th week,West Bengal,Hooghly,Cholera,12,0,12,11,2014,22.9052114,88.3760639,8.58e-05,11.0,302.2366666,0,Post-Monsoon,0.0
5220,47th week,Bihar,Araria,Cholera,20,4,8,9,2014,26.26498795,87.37162648,0.4376745595,15.0,300.756,0,Monsoon,20.0
5279,2nd week,West Bengal,Hooghly,Cholera,69,0,15,12,2013,22.9052114,88.3760639,5.11e-05,10.0,297.692,0,Winter,0.0
5304,7th week,West Bengal,Purulia,Cholera,195,0,13,1,2013,23.3291882,86.3672378,0.0005306157107,5.0,293.28400000000005,0,Winter,0.0
5316,10th week,Karnataka,Raichur,Cholera,30,0,4,3,2013,16.083333,77.166667,3.05e-05,6.0,314.736,0,Summer,0.0
5336,12th week,Karnataka,Haveri,Cholera,72,1,18,3,2013,14.7874825,75.3996731,0.05220078404,18.0,307.4966666,0,Summer,1.3888888888888888
5382,16th week,Karnataka,Davangere,Cholera,36,0,19,4,2013,14.4679807,75.9195682,9.77e-05,6.0,316.68333340000004,0,Summer,0.0
5385,16th week,Karnataka,Mysore,Cholera,129,0,13,4,2013,12.3051828,76.6553609,0.0279683846,6.0,313.4266666,0,Summer,0.0
5386,16th week,Karnataka,Tumkur,Cholera,44,0,19,4,2013,13.3400771,77.1006208,0.0002027513947,6.0,315.98400000000004,0,Summer,0.0
5392,17th week,Karnataka,Chitradurga,Cholera,40,2,25,4,2013,14.2266443,76.4005122,0.001331521156,5.0,319.268,0,Summer,5.0
5396,17th week,Kerala,Wayanad,Cholera,18,2,19,4,2013,11.715219,76.12690295,0.4562315655,20.0,309.648,0,Summer,11.11111111111111
5413,18th week,West Bengal,South 24 Parganas,Cholera,70,0,30,4,2013,22.5760669,88.42006758,0.06509398581,,304.7733334,1,Summer,0.0
5426,19th week,West Bengal,Purulia,Cholera,60,1,1,5,2013,23.3291882,86.3672378,0.001065052594,,314.59000000000003,0,Summer,1.6666666666666667
5433,20th week,Karnataka,Davangere,Cholera,32,0,14,5,2013,14.4679807,75.9195682,0.05574029656,6.0,311.124,0,Summer,0.0
5453,20th week,West Bengal,Bankura,Cholera,70,0,7,5,2013,23.13195425,87.2073972,0.3584283449,8.0,309.3833334,0,Summer,0.0
5462,21st week,Gujarat,Gandhinagar,Cholera,87,2,14,5,2013,23.2232877,72.6492267,6.44e-05,5.0,317.24,0,Summer,2.2988505747126435
5470,21st week,Maharashtra,Sangli,Cholera,88,0,5,5,2013,17.1726928,74.58676543,0.03108132,6.0,316.796,0,Summer,0.0
5486,22nd week,West Bengal,North 24 Parganas,Cholera,144,0,25,5,2013,22.642931,88.8930579,0.9277109325,,296.36,1,Summer,0.0
5491,22nd week,Maharashtra,Sindhudurg,Cholera,74,0,21,5,2013,16.1357193,73.6522086,0.01983272204,13.0,308.40000000000003,1,Summer,0.0
5498,23rd week,Gujarat,Ahmedabad,Cholera,51,0,3,6,2013,23.0216238,72.5797068,0.005221476132,4.0,315.87333340000004,1,Monsoon,0.0
5502,23rd week,Karnataka,Chitradurga,Cholera,17,0,5,6,2013,14.2266443,76.4005122,0.4445544077,2.0,,0,Monsoon,0.0
5503,23rd week,Karnataka,Chitradurga,Cholera,33,0,1,6,2013,14.2266443,76.4005122,0.2656172438,,311.52,0,Monsoon,0.0
5533,24th week,Goa,North Goa,Cholera,97,1,30,5,2013,15.60444125,74.00172406,0.3475430874,18.0,306.14,1,Summer,1.0309278350515463
5535,25th week,Gujarat,Gandhinagar,Cholera,17,0,20,6,2013,23.2232877,72.6492267,0.6426252955,5.0,303.48,0,Monsoon,0.0
5536,25th week,Gujarat,Gandhinagar,Cholera,7,0,20,6,2013,23.2232877,72.6492267,0.6426252955,5.0,303.48,0,Monsoon,0.0
5569,26th week,Maharashtra,Sangli,Cholera,9,0,26,6,2013,17.1726928,74.58676543,0.3241672644,,305.02,0,Monsoon,0.0
5575,26th week,Tamil Nadu,Vellore,Cholera,27,0,19,6,2013,12.7948109,79.0006411,0.03731829814,9.0,307.5,0,Monsoon,0.0
5578,26th week,West Bengal,Birbhum,Cholera,126,0,25,6,2013,24.0,87.583333,0.7894428198,,305.21,0,Monsoon,0.0
5591,27th week,Gujarat,Navsari,Cholera,32,0,28,6,2013,20.952407,72.9323831,0.5544591588,4.0,301.64,1,Monsoon,0.0
5616,27th week,Karnataka,Shimoga,Cholera,42,0,17,6,2013,13.9326093,75.574978,0.4859653322,,,0,Monsoon,0.0
5658,29th week,Gujarat,Anand,Cholera,23,0,17,7,2013,22.5584995,72.9625629,1.081960605,1.0,,1,Monsoon,0.0
5669,29th week,Maharashtra,Dhule,Cholera,38,0,15,7,2013,21.13170235,74.48990147,0.7666789124,2.0,304.12,0,Monsoon,0.0
5672,29th week,Maharashtra,Jalgaon,Cholera,67,1,10,7,2013,20.84288265,75.52612464,0.4966990144,4.0,,0,Monsoon,1.4925373134328357
5674,29th week,Tamil Nadu,Tiruchirappalli,Cholera,13,0,17,7,2013,10.7992254,78.6811423,0.0353640941,4.0,316.02,0,Monsoon,0.0
5689,30th week,Karnataka,Davangere,Cholera,36,0,19,7,2013,14.4679807,75.9195682,0.4211511122,,300.12,0,Monsoon,0.0
5709,30th week,West Bengal,Purulia,Cholera,21,0,26,7,2013,23.3291882,86.3672378,0.5696596008,8.0,300.925,0,Monsoon,0.0
5714,30th week,Delhi,South West District,Cholera,50,1,10,7,2013,28.59449355,76.90650844,0.519847218,5.0,312.2733334,0,Monsoon,2.0
5715,30th week,Dadra And Nagar Haveli,Dadra And Nagar Haveli,Cholera,12,0,14,7,2013,20.2712521,73.0014588,2.044548616,1.0,,0,Monsoon,0.0
5723,31st week,Assam,Kamrup,Cholera,14,0,1,8,2013,26.12755515,91.29987148,2.470183416,9.0,299.54,0,Monsoon,0.0
5725,31st week,Karnataka,Bidar,Cholera,17,0,29,7,2013,18.083333,77.333333,0.7910202335,6.0,,0,Monsoon,0.0
5726,31st week,Karnataka,Davangere,Cholera,21,0,27,7,2013,14.4679807,75.9195682,1.055395054,,,0,Monsoon,0.0
5733,31st week,Karnataka,Tumkur,Cholera,34,0,30,7,2013,13.3400771,77.1006208,0.2492381804,5.0,,0,Monsoon,0.0
5759,32nd week,Karnataka,Chikkaballapur,Cholera,24,0,6,8,2013,13.6102243,77.5127721,0.1635686968,6.0,303.81,0,Monsoon,0.0
5764,32nd week,Maharashtra,Dhule,Cholera,69,0,5,8,2013,21.13170235,74.48990147,1.809147425,,298.32,0,Monsoon,0.0
5772,32nd week,West Bengal,Purulia,Cholera,13,0,31,7,2013,23.3291882,86.3672378,1.288167499,8.0,300.39,0,Monsoon,0.0
5777,32nd week,Maharashtra,Jalgaon,Cholera,40,0,29,7,2013,20.84288265,75.52612464,1.575514364,7.0,,0,Monsoon,0.0
5794,33rd week,West Bengal,Purulia,Cholera,30,0,8,8,2013,23.3291882,86.3672378,0.3806123076,4.0,301.28000000000003,0,Monsoon,0.0
5800,33rd week,Odisha,Rayagada,Cholera,22,0,27,7,2013,19.17209585,83.33503085,2.699308366,,,0,Monsoon,0.0
5801,33rd week,West Bengal,Purulia,Cholera,67,1,30,7,2013,23.3291882,86.3672378,1.296523229,8.0,300.81,0,Monsoon,1.4925373134328357
5802,34th week,Telangana,Medak,Cholera,93,3,16,8,2013,17.9375095,78.21174499,0.3012551828,5.0,,0,Monsoon,3.225806451612903
5816,34th week,West Bengal,Hooghly,Cholera,12,1,21,8,2013,22.9052114,88.3760639,1.367673342,,300.37,0,Monsoon,8.333333333333332
5819,34th week,West Bengal,Bankura,Cholera,82,0,20,8,2013,23.13195425,87.2073972,1.10650385,,303.38,0,Monsoon,0.0
5821,34th week,West Bengal,Hooghly,Cholera,27,2,22,8,2013,22.9052114,88.3760639,1.613626131,14.0,300.16,0,Monsoon,7.4074074074074066
5832,35th week,Delhi,New Delhi,Cholera,50,1,28,8,2013,28.6138954,77.2090057,0.1086299315,,303.22,0,Monsoon,2.0
5834,35th week,Haryana,Yamuna Nagar,Cholera,133,0,28,8,2013,30.1389108,77.301064,0.1675920974,,299.95,0,Monsoon,0.0
5844,35th week,Punjab,Mohali,Cholera,46,0,29,8,2013,30.7041168,76.7176885,0.1379093667,,300.9966666,0,Monsoon,0.0
5862,35th week,Karnataka,Koppal,Cholera,31,0,11,8,2013,15.3484144,76.1547421,0.2084532839,3.0,296.98,0,Monsoon,0.0
5866,35th week,Telangana,Medak,Cholera,201,3,16,8,2013,17.9375095,78.21174499,0.3012551828,5.0,,0,Monsoon,1.4925373134328357
5868,35th week,Karnataka,Koppal,Cholera,75,0,6,8,2013,15.3484144,76.1547421,0.225762209,3.0,305.56,0,Monsoon,0.0
5877,36th week,Maharashtra,Gondia,Cholera,45,2,4,9,2013,21.455228,80.1962729,0.2253912485,22.0,302.12,0,Monsoon,4.444444444444445
5882,36th week,Punjab,Ludhiana,Cholera,15,0,5,9,2013,30.9090157,75.851601,0.08945550733,,300.3566666,0,Monsoon,0.0
5888,36th week,West Bengal,Howrah,Cholera,164,0,2,9,2013,22.5736296,88.3251045,0.9759187793,10.0,299.935,0,Monsoon,0.0
5892,36th week,West Bengal,North 24 Parganas,Cholera,92,0,4,9,2013,22.642931,88.8930579,0.6664716292,9.0,299.93,1,Monsoon,0.0
5940,38th week,Karnataka,Koppal,Cholera,19,0,16,9,2013,15.3484144,76.1547421,0.5505169912,12.0,303.445,0,Monsoon,0.0
5943,38th week,Punjab,Gurdaspur,Cholera,22,0,17,9,2013,32.166667,75.316667,0.06276237649,18.0,299.4033334,0,Monsoon,0.0
5947,38th week,West Bengal,North 24 Parganas,Cholera,190,1,22,9,2013,22.642931,88.8930579,0.4744809165,,301.545,1,Monsoon,0.5263157894736842
5952,38th week,Maharashtra,Gondia,Cholera,10,0,7,9,2013,21.455228,80.1962729,0.08012269213,25.0,302.748,0,Monsoon,0.0
5955,38th week,West Bengal,Purulia,Cholera,17,0,6,9,2013,23.3291882,86.3672378,0.6525809511,,303.3333334,0,Monsoon,0.0
5962,39th week,Haryana,Kurukshetra,Cholera,61,0,29,9,2013,29.9693747,76.8482787,0.3282719552,,300.8566666,0,Monsoon,0.0
5977,39th week,Maharashtra,Jalgaon,Cholera,9,0,11,9,2013,20.84288265,75.52612464,0.06992770948,19.0,305.06,0,Monsoon,0.0
5982,40th week,Haryana,Kurukshetra,Cholera,13,0,29,9,2013,29.9693747,76.8482787,0.3282719552,,300.8566666,0,Monsoon,0.0
5983,40th week,Karnataka,Ballari,Cholera,20,0,28,9,2013,15.2485413,76.8323648,0.05526977365,17.0,301.192,0,Monsoon,0.0
5995,40th week,Chhattisgarh,Narayanpur,Cholera,66,19,10,9,2013,19.5842032,81.11369855,0.7666694201,20.0,301.8,0,Monsoon,28.78787878787879
6000,40th week,West Bengal,Bankura,Cholera,39,0,19,9,2013,23.13195425,87.2073972,0.5879064888,16.0,302.3866666,0,Monsoon,0.0
6002,40th week,West Bengal,North 24 Parganas,Cholera,248,1,22,9,2013,22.642931,88.8930579,0.4744809165,,301.545,1,Monsoon,0.4032258064516129
6003,41st week,Assam,Dibrugarh,Cholera,11,0,8,10,2013,27.4844597,94.9019447,1.542603066,,293.8933334,0,Post-Monsoon,0.0
6008,41st week,Haryana,Ambala,Cholera,60,1,9,10,2013,30.3843674,76.770421,0.1967678515,12.0,299.41,0,Post-Monsoon,1.6666666666666667
6022,41st week,Assam,Dibrugarh,Cholera,17,0,28,9,2013,27.4844597,94.9019447,0.3145262531,25.0,301.684,0,Monsoon,0.0
6031,42nd week,Maharashtra,Kolhapur,Cholera,13,1,11,10,2013,16.7028412,74.2405329,0.273760896,11.0,306.115,0,Post-Monsoon,7.6923076923076925
6049,42nd week,West Bengal,Purulia,Cholera,70,0,14,10,2013,23.3291882,86.3672378,0.5606699398,12.0,300.205,0,Post-Monsoon,0.0
6052,42nd week,West Bengal,North 24 Parganas,Cholera,698,0,9,10,2013,22.642931,88.8930579,1.225737338,22.0,298.76,1,Post-Monsoon,0.0
6058,43rd week,Karnataka,Mandya,Cholera,226,0,19,10,2013,12.5238888,76.8961961,0.3210568671,10.0,301.15500000000003,0,Post-Monsoon,0.0
6065,43rd week,Maharashtra,Thane,Cholera,59,1,17,10,2013,19.1943294,72.9701779,0.3886469973,24.0,299.28000000000003,1,Post-Monsoon,1.694915254237288
6071,43rd week,West Bengal,Purulia,Cholera,23,0,23,10,2013,23.3291882,86.3672378,0.2595004589,,302.1,0,Post-Monsoon,0.0
6082,43rd week,Maharashtra,Pune,Cholera,8,0,25,9,2013,18.521428,73.8544541,0.5463138027,10.0,301.25,0,Monsoon,0.0
6096,44th week,Odisha,Cuttack,Cholera,23,1,27,10,2013,20.4686,85.8792,2.044271711,17.0,299.66,0,Post-Monsoon,4.3478260869565215
6098,44th week,West Bengal,Hooghly,Cholera,52,0,27,10,2013,22.9052114,88.3760639,3.002960368,16.0,299.40000000000003,0,Post-Monsoon,0.0
6102,44th week,West Bengal,Bankura,Cholera,50,0,25,10,2013,23.13195425,87.2073972,0.2187652661,15.0,300.42,0,Post-Monsoon,0.0
6103,44th week,West Bengal,Bankura,Cholera,86,0,25,10,2013,23.13195425,87.2073972,0.2187652661,15.0,300.42,0,Post-Monsoon,0.0
6109,44th week,Karnataka,Gulbarga,Cholera,20,0,15,10,2013,17.166667,77.083333,0.2125759374,,304.5133334,0,Post-Monsoon,0.0
6110,44th week,West Bengal,Dakshin Dinajpur,Cholera,118,1,19,10,2013,25.38703085,88.50471505,0.6955109415,28.0,299.15000000000003,0,Post-Monsoon,0.847457627118644
6114,45th week,Assam,Dibrugarh,Cholera,18,0,30,10,2013,27.4844597,94.9019447,0.5654763987,22.0,298.348,0,Post-Monsoon,0.0
6115,45th week,Assam,Tinsukia,Cholera,11,1,4,11,2013,27.52016575,95.53063473,0.3515346128,34.0,294.325,0,Post-Monsoon,9.090909090909092
6116,45th week,Telangana,Mahabubnagar,Cholera,62,0,5,11,2013,16.69656855,77.95911462,0.04314941443,14.0,304.0266666,0,Post-Monsoon,0.0
6126,45th week,West Bengal,Bankura,Cholera,86,0,24,10,2013,23.13195425,87.2073972,0.2199854514,,300.8066666,0,Post-Monsoon,0.0
6127,45th week,West Bengal,Bankura,Cholera,110,0,25,10,2013,23.13195425,87.2073972,0.2187652661,15.0,300.42,0,Post-Monsoon,0.0
6150,47th week,Karnataka,Ballari,Cholera,18,0,21,11,2013,15.2485413,76.8323648,0.04969189118,10.0,303.8766666,0,Post-Monsoon,0.0
6167,48th week,West Bengal,Hooghly,Cholera,13,0,27,11,2013,22.9052114,88.3760639,6.04e-05,9.0,298.81333340000003,0,Post-Monsoon,0.0
6168,48th week,West Bengal,Purulia,Cholera,43,0,26,11,2013,23.3291882,86.3672378,6.89e-05,8.0,298.87,0,Post-Monsoon,0.0
6180,50th week,Maharashtra,Sangli,Cholera,99,1,7,12,2013,17.1726928,74.58676543,0.05592174368,8.0,303.8166666,0,Winter,1.0101010101010102
6196,51st week,Tamil Nadu,Krishnagiri,Cholera,19,0,15,12,2013,12.5188835,78.2206536,0.03303856738,12.0,298.52500000000003,0,Winter,0.0
6209,1st week,Tamil Nadu,Theni,Cholera,21,0,3,1,2012,9.9696643,77.47420049,0.4204133468,13.0,300.02500000000003,0,Winter,0.0
6210,1st week,Tamil Nadu,Cuddalore,Cholera,17,0,1,1,2012,11.7564329,79.7634644,0.8230760943,7.0,296.6,1,Winter,0.0
6223,3rd week,Tamil Nadu,Dindigul,Cholera,16,0,15,1,2012,10.3303299,78.06739791,0.09706370925,10.0,300.15500000000003,0,Winter,0.0
6229,4th week,Karnataka,Belgaum,Cholera,24,0,26,1,2012,15.8572666,74.5069343,7.39e-05,6.0,305.2666666,0,Winter,0.0
6233,4th week,Tamil Nadu,Dindigul,Cholera,10,0,19,1,2012,10.3303299,78.06739791,0.01499900078,12.0,299.54,0,Winter,0.0
6237,5th week,Kerala,Idukki,Cholera,4,0,24,1,2012,9.8497872,76.9797914,0.02851955237,,300.80400000000003,0,Winter,0.0
6244,6th week,Karnataka,Chamarajnagar,Cholera,72,0,28,1,2012,14.3683154,76.6538415,5.88e-05,5.0,308.49,0,Winter,0.0
6260,9th week,Tamil Nadu,Madurai,Cholera,12,0,26,2,2012,9.9261153,78.1140983,6.85e-05,,307.90000000000003,0,Winter,0.0
6274,11th week,Karnataka,Mysore,Cholera,12,0,13,3,2012,12.3051828,76.6553609,0.0001503895409,,308.184,0,Summer,0.0
6300,13th week,Tamil Nadu,Thanjavur,Cholera,3,0,26,3,2012,10.7860267,79.1381497,8.63e-05,7.0,312.94333340000003,1,Summer,0.0
6308,14th week,Karnataka,Mysore,Cholera,181,0,4,4,2012,12.3051828,76.6553609,0.006427930948,7.0,312.02,0,Summer,0.0
6309,14th week,Karnataka,Tumkur,Cholera,27,1,6,4,2012,13.3400771,77.1006208,0.01838685622,,313.504,0,Summer,3.7037037037037033
6367,19th week,Karnataka,Tumkur,Cholera,45,0,4,5,2012,13.3400771,77.1006208,0.1301647017,8.0,305.34000000000003,0,Summer,0.0
6373,19th week,Karnataka,Mysore,Cholera,36,0,6,5,2012,12.3051828,76.6553609,0.08615679217,8.0,305.3333334,0,Summer,0.0
6374,19th week,Karnataka,Mysore,Cholera,44,0,8,5,2012,12.3051828,76.6553609,0.05781178797,,306.692,0,Summer,0.0
6375,19th week,Kerala,Wayanad,Cholera,13,0,5,5,2012,11.715219,76.12690295,0.8044471407,20.0,303.44,0,Summer,0.0
6376,19th week,Kerala,Wayanad,Cholera,8,1,3,5,2012,11.715219,76.12690295,1.322910277,20.0,,0,Summer,12.5
6385,19th week,Tamil Nadu,Tiruchirapalli,Cholera,14,1,5,5,2012,10.8219673,78.6830614,0.245743166,7.0,310.416,0,Summer,7.142857142857142
6390,19th week,West Bengal,Bankura,Cholera,56,0,9,5,2012,23.13195425,87.2073972,0.1957883956,9.0,308.1266666,0,Summer,0.0
6401,19th week,Maharashtra,Yavatmal,Cholera,62,0,1,5,2012,20.32570375,78.11691397,0.0003987565128,3.0,324.428,0,Summer,0.0
6420,20th week,Kerala,Wayanad,Cholera,25,1,3,5,2012,11.715219,76.12690295,1.322910277,20.0,,0,Summer,4.0
6433,21st week,Punjab,S.A.S Nagar,Cholera,15,0,22,5,2012,30.7041168,76.7176885,0.00313175938,5.0,310.8166666,0,Summer,0.0
6461,22nd week,Karnataka,Tumkur,Cholera,59,0,25,5,2012,13.3400771,77.1006208,0.008959952326,8.0,307.732,0,Summer,0.0
6472,22nd week,Assam,Darrang,Cholera,38,1,16,5,2012,26.75,92.5,0.7453016862,,300.895,0,Summer,2.631578947368421
6474,22nd week,Karnataka,Mandya,Cholera,25,0,19,5,2012,12.5238888,76.8961961,0.1829032262,11.0,304.35,0,Summer,0.0
6475,22nd week,Maharashtra,Dhule,Cholera,26,0,15,5,2012,21.13170235,74.48990147,0.06756302435,,318.76,0,Summer,0.0
6478,23rd week,Assam,Dima Hasao,Cholera,35,5,5,6,2012,25.40036255,93.07522923,3.916801064,24.0,297.96,0,Monsoon,14.285714285714285
6489,23rd week,Tamil Nadu,Virudhunagar,Cholera,13,1,9,6,2012,9.5208936,77.8784564,0.04795209708,,314.51,0,Monsoon,7.6923076923076925
6507,24th week,Karnataka,Mandya,Cholera,41,0,10,6,2012,12.5238888,76.8961961,0.1841376123,8.0,306.88,0,Monsoon,0.0
6539,25th week,Kerala,Wayanad,Cholera,74,0,20,6,2011,11.715219,76.12690295,0.9403759716,16.0,296.02,0,Monsoon,0.0
6549,25th week,Assam,Udalguri,Cholera,404,0,14,6,2011,26.77253155,92.10641749,0.4512064029,15.0,296.445,0,Monsoon,0.0
6556,26th week,Chandigarh,Chandigarh,Cholera,6,0,20,6,2012,30.72984395,76.78414567,0.01020976427,5.0,316.34000000000003,0,Monsoon,0.0
6560,26th week,Karnataka,Chitradurga,Cholera,18,0,21,6,2012,14.2266443,76.4005122,0.2830008473,4.0,,0,Monsoon,0.0
6561,26th week,Karnataka,Bangalore Urban,Cholera,9,0,23,6,2012,12.94514225,77.553645,0.3064362942,5.0,304.52,0,Monsoon,0.0
6562,26th week,Karnataka,Bidar,Cholera,23,0,27,6,2012,18.083333,77.333333,0.08780226221,1.0,312.3666666,0,Monsoon,0.0
6564,26th week,Kerala,Wayanad,Cholera,7,1,23,6,2012,11.715219,76.12690295,1.259767462,10.0,,0,Monsoon,14.285714285714285
6573,26th week,Haryana,Yamuna Nagar,Cholera,27,0,29,5,2012,30.1389108,77.301064,6.4e-05,3.0,314.1766666,0,Summer,0.0
6575,26th week,Rajasthan,Tonk,Cholera,35,0,6,6,2012,26.12214725,75.66375374,6.33e-05,2.0,316.93,0,Monsoon,0.0
6577,26th week,Haryana,Panchkula,Cholera,59,0,13,6,2012,30.7137692,76.868276,0.012767892,5.0,314.752,0,Monsoon,0.0
6580,27th week,Gujarat,Banaskantha,Cholera,468,5,2,7,2012,24.172056,72.431134,0.03550232816,,310.34000000000003,0,Monsoon,1.0683760683760684
6581,27th week,Gujarat,Navsari,Cholera,87,0,8,7,2012,20.952407,72.9323831,0.5929920254,2.0,,1,Monsoon,0.0
6584,27th week,Haryana,Kaithal,Cholera,76,0,30,6,2012,29.82282075,76.37830987,0.02904895053,2.0,304.08,0,Monsoon,0.0
6587,27th week,Punjab,S.A.S Nagar,Cholera,7,0,4,7,2012,30.7041168,76.7176885,0.1163993226,4.0,311.04,0,Monsoon,0.0
6588,27th week,Punjab,Gurdaspur,Cholera,50,0,1,7,2012,32.166667,75.316667,0.04147596146,3.0,310.79,0,Monsoon,0.0
6600,28th week,Assam,Cachar,Cholera,10,1,8,7,2012,24.75863995,92.88166476,1.271590662,16.0,304.54,0,Monsoon,10.0
6604,28th week,Karnataka,Bijapur,Cholera,32,0,8,7,2012,16.8269911,75.7175387,0.2115485399,2.0,309.66,0,Monsoon,0.0
6611,28th week,West Bengal,Hooghly,Cholera,37,0,10,7,2012,22.9052114,88.3760639,1.475789607,,299.5,0,Monsoon,0.0
6612,28th week,West Bengal,Birbhum,Cholera,53,0,6,7,2012,24.0,87.583333,0.6296381912,5.0,302.57,0,Monsoon,0.0
6613,28th week,West Bengal,Birbhum,Cholera,21,0,6,7,2012,24.0,87.583333,0.6296381912,5.0,302.57,0,Monsoon,0.0
6622,29th week,Assam,Dibrugarh,Cholera,15,0,16,7,2012,27.4844597,94.9019447,1.551064922,3.0,287.44,0,Monsoon,0.0
6627,29th week,Gujarat,Anand,Cholera,52,0,12,7,2012,22.5584995,72.9625629,0.8225193604,6.0,,1,Monsoon,0.0
6631,29th week,Karnataka,Bidar,Cholera,19,0,21,7,2012,18.083333,77.333333,0.9841975524,3.0,,0,Monsoon,0.0
6633,29th week,Karnataka,Kodagu,Cholera,12,0,16,7,2012,12.38217745,75.66531992,1.315590081,12.0,303.44,0,Monsoon,0.0
6635,29th week,Maharashtra,Akola,Cholera,47,0,18,7,2012,20.76181225,77.19211567,0.1605100815,,311.26,0,Monsoon,0.0
6640,29th week,Odisha,Berhampur,Cholera,23,1,15,7,2012,21.49308515,86.63272983,1.539889227,12.0,299.81,0,Monsoon,4.3478260869565215
6654,30th week,Assam,Tinsukia,Cholera,15,1,18,7,2012,27.52016575,95.53063473,1.668652947,,295.16,0,Monsoon,6.666666666666667
6663,30th week,Punjab,Patiala,Cholera,35,0,23,7,2012,30.2090874,76.33987209,0.1044610004,11.0,303.21500000000003,0,Monsoon,0.0
6664,30th week,Punjab,Hoshiarpur,Cholera,45,0,24,7,2012,31.60857425,75.84644247,0.1160651696,16.0,303.27500000000003,0,Monsoon,0.0
6667,30th week,West Bengal,Hooghly,Cholera,24,0,26,7,2012,22.9052114,88.3760639,0.6197077635,,300.1266666,0,Monsoon,0.0
6668,30th week,West Bengal,Bankura,Cholera,73,0,22,7,2012,23.13195425,87.2073972,0.7812662339,7.0,,0,Monsoon,0.0
6669,30th week,West Bengal,Bankura,Cholera,54,1,26,7,2012,23.13195425,87.2073972,0.5384241344,,301.56,0,Monsoon,1.8518518518518516
6671,30th week,Maharashtra,Parbhani,Cholera,174,1,17,7,2012,19.29031365,76.60290343,0.09344685516,3.0,307.76,0,Monsoon,0.5747126436781609
6679,31st week,Karnataka,Belgaum,Cholera,17,0,3,8,2012,15.8572666,74.5069343,0.5907845249,,297.4866666,0,Monsoon,0.0
6715,32nd week,Karnataka,Uttara Kannada,Cholera,20,0,7,8,2012,14.72447415,74.64223734,1.794866666,2.0,299.86,1,Monsoon,0.0
6721,32nd week,Odisha,Nuapada,Cholera,17,1,10,8,2012,20.76909975,82.51862846,1.16715281,6.0,,0,Monsoon,5.88235294117647
6722,32nd week,Punjab,Hoshiarpur,Cholera,80,0,5,8,2012,31.60857425,75.84644247,1.148769571,20.0,298.8266666,0,Monsoon,0.0
6744,33rd week,West Bengal,Jalpaiguri,Cholera,19,0,17,8,2012,26.4733048,88.67886686,0.9305222014,11.0,296.9733334,0,Monsoon,0.0
6755,33rd week,West Bengal,Birbhum,Cholera,19,0,6,8,2012,24.0,87.583333,0.5199324555,6.0,301.74,0,Monsoon,0.0
6767,34th week,Karnataka,Bijapur,Cholera,85,0,20,8,2012,16.8269911,75.7175387,0.1231085031,,307.1,0,Monsoon,0.0
6772,34th week,Maharashtra,Nandurbar,Cholera,18,0,19,8,2012,21.51450155,74.54070115,0.39250434,,304.75,0,Monsoon,0.0
6799,35th week,Haryana,Karnal,Cholera,26,0,1,9,2012,29.6803266,76.9896254,0.5788694536,22.0,300.14,0,Monsoon,0.0
6818,36th week,Punjab,Patiala,Cholera,17,1,4,9,2012,30.2090874,76.33987209,0.3715674042,,296.752,0,Monsoon,5.88235294117647
6820,36th week,West Bengal,Bankura,Cholera,90,0,8,9,2012,23.13195425,87.2073972,0.7397642436,13.0,,0,Monsoon,0.0
6823,36th week,Maharashtra,Nagpur,Cholera,161,0,27,8,2012,21.1498134,79.0820556,0.2691498959,,302.21,0,Monsoon,0.0
6825,36th week,West Bengal,Jalpaiguri,Cholera,23,0,25,8,2012,26.4733048,88.67886686,1.530263691,24.0,299.58,0,Monsoon,0.0
6833,37th week,Odisha,Rayagada,Cholera,37,3,11,9,2012,19.17209585,83.33503085,0.7582775659,13.0,298.74,0,Monsoon,8.108108108108109
6861,38th week,Jammu And Kashmir,Baramulla,Cholera,238,0,19,9,2012,34.20500565,74.36221081,0.6331318758,17.0,292.096,0,Monsoon,0.0
6862,38th week,Karnataka,Uttara Kannada,Cholera,66,0,12,9,2012,14.72447415,74.64223734,1.124768659,,300.33,1,Monsoon,0.0
6864,38th week,Karnataka,Koppal,Cholera,16,0,19,9,2012,15.3484144,76.1547421,0.0651922313,8.0,301.868,0,Monsoon,0.0
6870,38th week,West Bengal,Malda,Cholera,87,0,19,9,2012,25.0057449,88.1398483,0.9318668218,8.0,296.08,0,Monsoon,0.0
6873,38th week,West Bengal,Hooghly,Cholera,65,2,10,9,2012,22.9052114,88.3760639,1.354658172,10.0,297.26,0,Monsoon,3.076923076923077
6895,40th week,Assam,Barpeta,Cholera,13,0,30,9,2012,26.34142215,91.01674328,0.1012164724,8.0,300.108,0,Monsoon,0.0
6896,40th week,Assam,Jorhat,Cholera,84,0,28,9,2012,26.7577925,94.2079645,0.4022642,,298.19333340000003,0,Monsoon,0.0
6901,40th week,Punjab,Gurdaspur,Cholera,383,18,5,10,2012,32.166667,75.316667,0.0001070380447,16.0,304.29,0,Post-Monsoon,4.699738903394255
6902,40th week,Punjab,Moga,Cholera,109,1,7,10,2012,30.7839866,75.16057423,0.000561599295,,303.91,0,Post-Monsoon,0.9174311926605505
6927,42nd week,Karnataka,Belgaum,Cholera,151,2,17,10,2012,15.8572666,74.5069343,0.0002997741897,20.0,304.0466666,0,Post-Monsoon,1.3245033112582782
6952,44th week,West Bengal,Bankura,Cholera,61,0,4,11,2012,23.13195425,87.2073972,0.2224849364,8.0,301.61333340000004,0,Post-Monsoon,0.0
6959,44th week,West Bengal,Jalpaiguri,Cholera,68,3,12,10,2012,26.4733048,88.67886686,0.3063938379,32.0,298.97,0,Post-Monsoon,4.411764705882353
6964,45th week,Punjab,Amritsar,Cholera,17,0,7,11,2012,31.6343083,74.8736788,0.007137847201,,300.93,0,Post-Monsoon,0.0
6975,46th week,Chhattisgarh,Durg,Cholera,579,1,30,10,2012,21.19903535,81.39795456,0.0001745259642,,302.708,0,Post-Monsoon,0.17271157167530224
7026,51st week,Andhra Pradesh,Anantapur,Cholera,23,0,20,12,2012,14.6546235,77.55625984,9.79e-05,6.0,306.06,0,Winter,0.0
7039,1st week,Assam,Jorhat,Cholera,5,1,19,12,2010,26.7577925,94.2079645,0.002555440834,,295.0733334,0,Winter,20.0
7045,2nd week,Tamil Nadu,Vellore,Cholera,12,0,3,1,2011,12.7948109,79.0006411,0.02786890543,13.0,299.88,0,Winter,0.0
7069,5th week,Tamil Nadu,Thiruvarur,Cholera,5,0,27,1,2011,10.73618605,79.63318659,0.02959746411,9.0,301.3166666,0,Winter,0.0
7106,9th week,Karnataka,Chikkaballapur,Cholera,10,0,20,2,2011,13.6102243,77.5127721,0.0001792670163,6.0,306.156,0,Winter,0.0
7116,10th week,Tamil Nadu,Tirunelveli,Cholera,104,2,3,3,2011,8.7284271,77.7112925,0.087986142,11.0,305.67,1,Summer,1.9230769230769231
7126,11th week,Karnataka,Gulbarga,Cholera,14,0,8,3,2011,17.166667,77.083333,9.87e-05,4.0,316.7133334,0,Summer,0.0
7140,12th week,Karnataka,Chitradurga,Cholera,28,0,20,3,2011,14.2266443,76.4005122,3.53e-05,6.0,314.844,0,Summer,0.0
7160,15th week,Karnataka,Hassan,Cholera,64,1,7,4,2011,13.0070817,76.0992703,0.00450556905,,308.84000000000003,0,Summer,1.5625
7177,16th week,Karnataka,Mysore,Cholera,21,0,20,4,2011,12.3051828,76.6553609,0.250811064,9.0,308.204,0,Summer,0.0
7180,16th week,Maharashtra,Thane,Cholera,17,0,18,4,2011,19.1943294,72.9701779,0.01387869002,8.0,317.176,1,Summer,0.0
7187,17th week,Assam,Barpeta,Cholera,66,0,23,4,2011,26.34142215,91.01674328,0.3847743948,,300.896,0,Summer,0.0
7200,17th week,Tamil Nadu,Tirunelveli,Cholera,13,0,18,4,2011,8.7284271,77.7112925,0.09876300738,9.0,307.04400000000004,1,Summer,0.0
7202,17th week,West Bengal,Hooghly,Cholera,35,0,24,4,2011,22.9052114,88.3760639,0.2027345886,15.0,303.268,0,Summer,0.0
7210,18th week,Assam,Sonitpur,Cholera,208,0,4,5,2011,26.76777075,92.70140886,2.050124456,18.0,301.935,0,Summer,0.0
7225,19th week,Karnataka,Mandya,Cholera,42,0,8,5,2011,12.5238888,76.8961961,0.1299463155,,304.67,0,Summer,0.0
7260,21st week,Assam,Sivasagar,Cholera,158,0,18,5,2011,26.9834936,94.6394226,0.5992525517,17.0,301.07,0,Summer,0.0
7264,21st week,Karnataka,Belgaum,Cholera,35,0,24,5,2011,15.8572666,74.5069343,0.04797721014,,309.07,0,Summer,0.0
7280,22nd week,Karnataka,Mysore,Cholera,33,0,2,6,2011,12.3051828,76.6553609,0.5259297403,,302.81,0,Monsoon,0.0
7287,22nd week,Uttarakhand,Haridwar,Cholera,27,0,2,6,2011,29.91235135,78.00871782,0.2152802117,,302.51,0,Monsoon,0.0
7314,23rd week,Karnataka,Mysore,Cholera,17,0,6,6,2011,12.3051828,76.6553609,0.9013574214,9.0,299.64,0,Monsoon,0.0
7325,24th week,Assam,Udalguri,Cholera,140,3,14,6,2011,26.77253155,92.10641749,0.4512064029,15.0,296.445,0,Monsoon,2.142857142857143
7355,25th week,Kerala,Wayanad,Cholera,74,6,20,6,2011,11.715219,76.12690295,0.9403759716,16.0,296.02,0,Monsoon,8.108108108108109
7365,25th week,Assam,Udalguri,Cholera,404,6,14,6,2011,26.77253155,92.10641749,0.4512064029,15.0,296.445,0,Monsoon,1.4851485148514851
7376,26th week,Karnataka,Davangere,Cholera,29,0,27,6,2011,14.4679807,75.9195682,0.2486476566,4.0,297.78000000000003,0,Monsoon,0.0
7386,26th week,Kerala,Wayanad,Cholera,183,6,26,6,2011,11.715219,76.12690295,0.3521378464,,295.24,0,Monsoon,3.278688524590164
7395,27th week,Gujarat,Jamnagar,Cholera,1,0,27,6,2011,22.4732415,70.0552102,0.06156902892,2.0,307.73,1,Monsoon,0.0
7396,27th week,Gujarat,Navsari,Cholera,46,0,3,7,2011,20.952407,72.9323831,0.1507648294,,306.8,1,Monsoon,0.0
7408,27th week,Chhattisgarh,Kawardha,Cholera,74,1,21,6,2011,22.0059254,81.2332055,0.7844003495,5.0,304.56,0,Monsoon,1.3513513513513513
7414,27th week,Assam,Udalguri,Cholera,404,6,14,6,2011,26.77253155,92.10641749,0.4512064029,15.0,296.445,0,Monsoon,1.4851485148514851
7430,28th week,Kerala,Palakkad,Cholera,2,0,5,7,2011,10.78789845,76.47408711,0.5278793096,18.0,299.384,0,Monsoon,0.0
7431,28th week,Madhya Pradesh,Indore,Cholera,1,0,17,7,2011,22.7665444,75.9006944,0.9746025282,3.0,,0,Monsoon,0.0
7438,28th week,Rajasthan,Alwar,Cholera,99,0,8,7,2011,27.5,76.5,0.09057020661,9.0,307.6866666,0,Monsoon,0.0
7471,29th week,Maharashtra,Raigad,Cholera,67,0,11,7,2011,18.4928092,73.13807095,1.642483647,,294.96,1,Monsoon,0.0
7472,29th week,Punjab,Ludhiana,Cholera,7,0,23,7,2011,30.9090157,75.851601,0.0841842583,12.0,304.45,0,Monsoon,0.0
7503,30th week,Maharashtra,Pune,Cholera,46,0,22,7,2011,18.521428,73.8544541,1.405453239,3.0,,0,Monsoon,0.0
7513,30th week,West Bengal,North 24 Parganas,Cholera,78,0,13,7,2011,22.642931,88.8930579,0.5312132695,9.0,299.40000000000003,1,Monsoon,0.0
7518,30th week,Maharashtra,Raigad,Cholera,94,0,11,7,2011,18.4928092,73.13807095,1.642483647,,294.96,1,Monsoon,0.0
7546,31st week,West Bengal,Kolkata,Cholera,78,0,13,7,2011,22.5666449,88.3544854,0.4891034868,5.0,301.11333340000004,0,Monsoon,0.0
7592,33rd week,West Bengal,Birbhum,Cholera,155,0,14,8,2011,24.0,87.583333,1.804068677,7.0,,0,Monsoon,0.0
7598,33rd week,Rajasthan,Alwar,Cholera,112,1,4,8,2011,27.5,76.5,0.6604013132,,302.08,0,Monsoon,0.8928571428571428
7602,33rd week,West Bengal,Bankura,Cholera,165,0,11,8,2011,23.13195425,87.2073972,2.217227749,2.0,,0,Monsoon,0.0
7611,34th week,Chhattisgarh,Janjgir,Cholera,20,0,22,8,2011,22.0090841,82.578896,2.216261841,15.0,299.54,0,Monsoon,0.0
7614,34th week,Gujarat,Vadodara,Cholera,23,0,18,8,2011,22.2973142,73.1942567,0.9328676717,7.0,298.86,0,Monsoon,0.0
7616,34th week,Haryana,Panchkula,Cholera,5,0,20,8,2011,30.7137692,76.868276,1.956093124,,300.11333340000004,0,Monsoon,0.0
7619,34th week,Karnataka,Bidar,Cholera,6,0,22,8,2011,18.083333,77.333333,0.6063773991,3.0,,0,Monsoon,0.0
7624,34th week,West Bengal,Birbhum,Cholera,26,0,16,8,2011,24.0,87.583333,0.9082672759,7.0,,0,Monsoon,0.0
7625,34th week,West Bengal,Birbhum,Cholera,73,0,21,8,2011,24.0,87.583333,0.7520245093,,301.52,0,Monsoon,0.0
7637,34th week,West Bengal,Birbhum,Cholera,179,0,14,8,2011,24.0,87.583333,1.804068677,7.0,,0,Monsoon,0.0
7654,35th week,Chandigarh,Chandigarh,Cholera,5,0,1,8,2011,30.72984395,76.78414567,0.3910680314,17.0,302.31333340000003,0,Monsoon,0.0
7657,35th week,West Bengal,Bankura,Cholera,73,1,20,8,2011,23.13195425,87.2073972,0.933028728,,300.21,0,Monsoon,1.36986301369863
7663,36th week,Chhattisgarh,Janjgir,Cholera,20,0,3,9,2011,22.0090841,82.578896,0.7828987152,12.0,300.28000000000003,0,Monsoon,0.0
7675,36th week,Maharashtra,Pune,Cholera,7,1,29,8,2011,18.521428,73.8544541,1.392534534,,,0,Monsoon,14.285714285714285
7694,36th week,West Bengal,Bankura,Cholera,189,0,11,8,2011,23.13195425,87.2073972,2.217227749,2.0,,0,Monsoon,0.0
7697,36th week,West Bengal,Birbhum,Cholera,206,0,14,8,2011,24.0,87.583333,1.804068677,7.0,,0,Monsoon,0.0
7720,38th week,Gujarat,Rajkot,Cholera,44,0,15,9,2011,22.3053263,70.8028377,1.011349505,14.0,295.33,0,Monsoon,0.0
7721,38th week,Karnataka,Uttara Kannada,Cholera,15,1,12,9,2011,14.72447415,74.64223734,1.037688386,15.0,299.2,1,Monsoon,6.666666666666667
7736,38th week,West Bengal,Birbhum,Cholera,36,0,27,8,2011,24.0,87.583333,0.5190254608,12.0,301.56,0,Monsoon,0.0
7753,39th week,Punjab,Jalandhar,Cholera,163,0,23,9,2011,31.29201065,75.56805772,0.05062222581,16.0,300.94333340000003,0,Monsoon,0.0
7754,39th week,Tamil Nadu,Saidapet,Cholera,5,0,1,10,2011,13.020817,80.2239536,0.04185250031,11.0,307.22,0,Post-Monsoon,0.0
7781,40th week,Punjab,Jalandhar,Cholera,214,0,7,10,2011,31.29201065,75.56805772,0.02711370323,,302.3266666,0,Post-Monsoon,0.0
7796,41st week,Tamil Nadu,Tiruvannamalai,Cholera,12,0,15,10,2011,12.22721295,79.07015555,0.6497342933,,306.41,0,Post-Monsoon,0.0
7817,42nd week,West Bengal,Nadia,Cholera,21,0,14,10,2011,23.48454125,88.55676307,0.06926525952,16.0,304.1,0,Post-Monsoon,0.0
7819,42nd week,Chhattisgarh,Mahasamund,Cholera,38,0,9,9,2011,21.1882332,82.48484762,2.325341804,16.0,,0,Monsoon,0.0
7849,44th week,Karnataka,Hassan,Cholera,19,0,24,10,2011,13.0070817,76.0992703,0.3373461118,,301.892,0,Post-Monsoon,0.0
7901,46th week,Tamil Nadu,Kancheepuram,Cholera,13,0,19,11,2011,12.87960515,79.70427615,0.05622662403,11.0,303.59200000000004,1,Post-Monsoon,0.0
7931,48th week,Puducherry,Puducherry,Cholera,7,0,22,6,2010,11.9340568,79.8306447,0.2254894541,11.0,308.8466666,1,Monsoon,0.0
7941,49th week,Tamil Nadu,Thiruvallur,Cholera,31,2,8,12,2011,13.13014755,79.92435386,0.03851227113,9.0,303.12,1,Winter,6.451612903225806
7942,49th week,Tamil Nadu,Tiruvannamalai,Cholera,10,0,11,12,2011,12.22721295,79.07015555,0.05388412632,,301.87,0,Winter,0.0
7966,50th week,Tamil Nadu,Thiruvannamalai,Cholera,15,0,12,12,2011,9.539867,77.6197904,0.1140164655,13.0,302.008,0,Winter,0.0
7979,1st week,Maharashtra,Ratnagiri,Cholera,32,0,28,12,2009,17.2826079,73.4569787,0.0002601957775,15.0,304.956,1,Winter,0.0
8008,10th week,Maharashtra,Sholapur,Cholera,218,0,28,2,2010,17.6912883,75.8841635,0.006599986641,5.0,313.12,0,Winter,0.0
8090,19th week,Gujarat,Panchmahal,Cholera,6,0,12,5,2010,22.7748893,73.620404,3e-05,3.0,324.7,0,Summer,0.0
8097,19th week,Tamil Nadu,Salem,Cholera,82,0,3,5,2010,11.0600516,77.0679581,0.1925171839,8.0,310.8666666,0,Summer,0.0
8098,19th week,Tamil Nadu,Theni,Cholera,23,0,12,5,2010,9.9696643,77.47420049,0.06652695286,6.0,315.7333334,0,Summer,0.0
8101,19th week,Karnataka,Mysore,Cholera,5,0,23,4,2010,12.3051828,76.6553609,0.3193126372,,308.40500000000003,0,Summer,0.0
8119,20th week,West Bengal,Howrah,Cholera,90,0,10,5,2010,22.5736296,88.3251045,0.1501845099,10.0,303.645,0,Summer,0.0
8151,21st week,West Bengal,Howrah,Cholera,90,3,10,5,2010,22.5736296,88.3251045,0.1501845099,10.0,303.645,0,Summer,3.3333333333333335
8153,22nd week,Assam,Sonitpur,Cholera,81,0,27,5,2010,26.76777075,92.70140886,1.000541555,10.0,298.98,0,Summer,0.0
8186,23rd week,Karnataka,Mysore,Cholera,17,0,6,6,2010,12.3051828,76.6553609,0.5189039267,11.0,303.3766666,0,Monsoon,0.0
8201,24th week,Karnataka,Chitradurga,Cholera,12,0,27,5,2010,14.2266443,76.4005122,0.05203921583,8.0,303.505,0,Summer,0.0
8203,24th week,Karnataka,Tumkur,Cholera,6,1,4,6,2010,13.3400771,77.1006208,0.1902162296,10.0,305.388,0,Monsoon,16.666666666666664
8215,25th week,Gujarat,Dahod,Cholera,21,1,15,6,2010,22.8358542,74.2556782,0.005934464198,2.0,321.36,0,Monsoon,4.761904761904762
8243,26th week,Puducherry,Puducherry,Cholera,4,0,22,6,2010,11.9340568,79.8306447,0.2254894541,11.0,308.8466666,1,Monsoon,0.0
8258,27th week,Haryana,Karnal,Cholera,10,0,3,7,2010,29.6803266,76.9896254,0.1474472391,,302.255,0,Monsoon,0.0
8269,27th week,Gujarat,Navsari,Cholera,251,0,24,6,2010,20.952407,72.9323831,0.02331308607,5.0,308.12,1,Monsoon,0.0
8272,27th week,Puducherry,Puducherry,Cholera,7,0,29,6,2010,11.9340568,79.8306447,0.178446875,12.0,309.05333340000004,1,Monsoon,0.0
8273,27th week,West Bengal,Nadia,Cholera,287,0,27,6,2010,23.48454125,88.55676307,0.5943407048,11.0,301.49,0,Monsoon,0.0
8285,28th week,Himachal Pradesh,Shimla,Cholera,40,1,13,7,2010,31.1041526,77.1709729,0.7396077053,29.0,297.395,0,Monsoon,2.5
8286,28th week,Haryana,Kurukshetra,Cholera,5,0,12,7,2010,29.9693747,76.8482787,1.240352412,,303.045,0,Monsoon,0.0
8293,28th week,Rajasthan,Jaipur,Cholera,766,0,16,7,2010,26.9154576,75.8189817,0.06203419344,4.0,310.33,0,Monsoon,0.0
8305,28th week,Haryana,Karnal,Cholera,46,0,3,7,2010,29.6803266,76.9896254,0.1474472391,,302.255,0,Monsoon,0.0
8311,29th week,Himachal Pradesh,Shimla,Cholera,40,1,13,7,2010,31.1041526,77.1709729,0.7396077053,29.0,297.395,0,Monsoon,2.5
8312,29th week,Haryana,Kurukshetra,Cholera,5,0,12,7,2010,29.9693747,76.8482787,1.240352412,,303.045,0,Monsoon,0.0
8319,29th week,Rajasthan,Jaipur,Cholera,766,0,16,7,2010,26.9154576,75.8189817,0.06203419344,4.0,310.33,0,Monsoon,0.0
8330,30th week,Puducherry,Puducherry,Cholera,6,0,29,6,2010,11.9340568,79.8306447,0.178446875,12.0,309.05333340000004,1,Monsoon,0.0
8331,30th week,Rajasthan,Jaipur,Cholera,984,0,16,7,2010,26.9154576,75.8189817,0.06203419344,4.0,310.33,0,Monsoon,0.0
8346,31st week,Himachal Pradesh,Shimla,Cholera,235,1,13,7,2010,31.1041526,77.1709729,0.7396077053,29.0,297.395,0,Monsoon,0.425531914893617
8356,32nd week,Punjab,Ludhiana,Cholera,4,0,6,7,2010,30.9090157,75.851601,0.2159989875,7.0,301.4066666,0,Monsoon,0.0
8385,33rd week,Rajasthan,Udaipur,Cholera,25,0,29,7,2010,24.578721,73.6862571,0.5481710268,10.0,303.29,0,Monsoon,0.0
8422,35th week,Punjab,Jalandhar,Cholera,167,0,17,8,2010,31.29201065,75.56805772,0.8519237656,15.0,298.31,0,Monsoon,0.0
8438,36th week,Gujarat,Ahmedabad,Cholera,4,0,20,8,2010,23.0216238,72.5797068,0.1930258334,,303.42,1,Monsoon,0.0
8444,36th week,Rajasthan,Udaipur,Cholera,90,3,18,8,2010,24.578721,73.6862571,1.34947865,17.0,301.81,0,Monsoon,3.3333333333333335
8450,37th week,Jammu And Kashmir,Budgam,Cholera,2229,3,16,8,2010,33.9099319,74.62914426,0.7071783286,11.0,293.76,0,Monsoon,0.13458950201884254
8453,37th week,Odisha,Rayagada,Cholera,784,39,6,8,2010,19.17209585,83.33503085,1.778999966,15.0,,0,Monsoon,4.974489795918367
8485,39th week,Assam,Dibrugarh,Cholera,10,0,10,9,2010,27.4844597,94.9019447,1.132057663,13.0,294.94,0,Monsoon,0.0
8488,39th week,Karnataka,Belgaum,Cholera,19,0,6,9,2010,15.8572666,74.5069343,0.4920265469,,298.08,0,Monsoon,0.0
8504,40th week,Madhya Pradesh,Indore,Cholera,2,0,21,9,2010,22.7665444,75.9006944,0.1572565907,,300.145,0,Monsoon,0.0
8526,41st week,Gujarat,Bharuch,Cholera,2,0,24,9,2010,21.75,73.0,0.08235727429,22.0,300.78400000000005,1,Monsoon,0.0
8551,43rd week,Gujarat,Narmada,Cholera,39,1,15,10,2010,21.8678464,73.5025585,0.09825528651,,306.78000000000003,0,Post-Monsoon,2.564102564102564
8562,44th week,Assam,Sibsagar,Cholera,13,1,22,10,2010,26.96388985,94.58213345,0.3042944508,27.0,300.5466666,0,Post-Monsoon,7.6923076923076925
8571,44th week,Assam,Sonitpur,Cholera,180,17,3,10,2010,26.76777075,92.70140886,0.1779216483,31.0,299.96,0,Post-Monsoon,9.444444444444445
8578,45th week,Assam,Sonitpur,Cholera,887,22,3,10,2010,26.76777075,92.70140886,0.1779216483,31.0,299.96,0,Post-Monsoon,2.480270574971815
8579,45th week,Assam,Sibsagar,Cholera,32,1,22,10,2010,26.96388985,94.58213345,0.3042944508,27.0,300.5466666,0,Post-Monsoon,3.125
8584,45th week,West Bengal,Jalpaiguri,Cholera,24,0,24,10,2010,26.4733048,88.67886686,0.06549441107,,301.16,0,Post-Monsoon,0.0
8599,47th week,Puducherry,Puducherry,Cholera,5,0,4,11,2010,11.9340568,79.8306447,0.545403365,7.0,300.72,1,Post-Monsoon,0.0
8626,50th week,Assam,Jorhat,Cholera,10,0,29,11,2010,26.7577925,94.2079645,0.01600258548,10.0,297.208,0,Post-Monsoon,0.0
8647,52nd week,Karnataka,Kodagu,Cholera,5,2,11,12,2010,12.38217745,75.66531992,0.03366392864,,297.245,0,Winter,40.0
8651,53rd week,Gujarat,Jamnagar,Cholera,329,0,19,12,2010,22.4732415,70.0552102,4.04e-05,,301.94,1,Winter,0.0
8652,53rd week,Assam,Jorhat,Cholera,5,1,19,12,2010,26.7577925,94.2079645,0.002555440834,,295.0733334,0,Winter,20.0
8672,26th week,Karnataka,Davangere,Cholera,17,0,20,6,2009,14.4679807,75.9195682,0.6478386264,5.0,307.9666666,0,Monsoon,0.0
8679,26th week,Assam,Bongaigaon,Cholera,9,2,12,6,2009,26.41237695,90.57149765,0.9739409602,21.0,299.552,0,Monsoon,22.22222222222222
8681,26th week,Karnataka,Davangere,Cholera,25,0,11,6,2009,14.4679807,75.9195682,0.6612698823,6.0,303.46,0,Monsoon,0.0
8703,27th week,Assam,Bongaigaon,Cholera,15,2,12,6,2009,26.41237695,90.57149765,0.9739409602,21.0,299.552,0,Monsoon,13.333333333333334
8705,27th week,West Bengal,South 24 Parganas,Cholera,51225,23,25,5,2009,22.5760669,88.42006758,0.4886619113,,302.92,1,Summer,0.04489995119570522
8706,27th week,West Bengal,Purba Medinipur,Cholera,9689,0,5,5,2009,22.06217445,87.83672383,0.0312300409,7.0,307.135,1,Summer,0.0
8723,28th week,Punjab,Mohali,Cholera,412,0,16,6,2009,30.7041168,76.7176885,0.01251929838,5.0,314.3433334,0,Monsoon,0.0
8729,29th week,Assam,Dibrugarh,Cholera,2,0,10,7,2009,27.4844597,94.9019447,1.026480786,3.0,273.74,0,Monsoon,0.0
8744,30th week,Karnataka,Chitradurga,Cholera,18,0,13,7,2009,14.2266443,76.4005122,0.4802261151,2.0,300.04,0,Monsoon,0.0
8773,31st week,West Bengal,Hooghly,Cholera,44,0,8,7,2009,22.9052114,88.3760639,0.6681143026,7.0,303.34000000000003,0,Monsoon,0.0
8821,35th week,Karnataka,Chitradurga,Cholera,8,0,28,8,2009,14.2266443,76.4005122,0.5682094018,,294.2266666,0,Monsoon,0.0
8851,38th week,Haryana,Panipat,Cholera,373,7,16,9,2009,29.3912753,76.9771675,1.189492367,20.0,301.37333340000004,0,Monsoon,1.876675603217158
8867,39th week,Haryana,Panipat,Cholera,447,7,16,9,2009,29.3912753,76.9771675,1.189492367,20.0,301.37333340000004,0,Monsoon,1.5659955257270695
8868,40th week,Assam,Darrang,Cholera,12,3,24,9,2009,26.75,92.5,1.037069879,32.0,286.48,0,Monsoon,25.0
8892,41st week,Karnataka,Kodagu,Cholera,9,2,12,9,2009,12.38217745,75.66531992,0.8888429839,24.0,298.66,0,Monsoon,22.22222222222222
8900,42nd week,Assam,Golaghat,Cholera,57,3,12,10,2009,26.40490095,94.03209112,0.9227963438,34.0,300.13,0,Post-Monsoon,5.263157894736842
8901,42nd week,Haryana,Kurukshetra,Cholera,41,1,13,10,2009,29.9693747,76.8482787,0.002794920697,10.0,302.8566666,0,Post-Monsoon,2.4390243902439024
8904,42nd week,Assam,Barpeta,Cholera,640,12,28,9,2009,26.34142215,91.01674328,0.5975486866,19.0,300.992,0,Monsoon,1.875
8922,44th week,Assam,Barpeta,Cholera,1010,13,28,9,2009,26.34142215,91.01674328,0.5975486866,19.0,300.992,0,Monsoon,1.2871287128712872
8942,47th week,Karnataka,Mandya,Cholera,51,1,12,11,2009,12.5238888,76.8961961,1.31990027,7.0,297.62,0,Post-Monsoon,1.9607843137254901
8952,48th week,Karnataka,Chamarajnagar,Cholera,7,0,6,11,2009,14.3683154,76.6538415,0.1268362457,8.0,303.075,0,Post-Monsoon,0.0
8958,49th week,Karnataka,Chitradurga,Cholera,36,0,25,11,2009,14.2266443,76.4005122,0.2946294343,,300.2133334,0,Post-Monsoon,0.0
8981,52nd week,Uttarakhand,Dehradun,Cholera,4,0,24,12,2009,30.3255646,78.0436813,0.0006261171766,12.0,288.96,0,Winter,0.0
